<?xml version="1.0" encoding="UTF-8"?><Measure xmlns="http://hl7.org/fhir"><id value="mii-msr-summary-report-age-gender-cql"/><meta><profile value="http://hl7.org/fhir/uv/crmi/StructureDefinition/crmi-shareablemeasure"/></meta><url value="https://medizininformatik-initiative.de/fhir/Measure/SummaryReportAgeGenderCQL"/><version value="0.1.0"/><name value="SummaryReportAgeGenderCQL"/><title value="Summary Report Age Gender CQL"/><status value="active"/><experimental value="false"/><date value="2025-10-16"/><publisher value="Medizininformatik Initiative"/><contact><name value="Medizininformatik Initiative"/><telecom><system value="url"/><value value="https://www.medizininformatik-initiative.de/"/></telecom></contact><description value="Summary Report with gender and 5-year age group stratification using CQL matching German census data structure"/><library value="https://www.medizininformatik-initiative.de/fhir/Library/StratifierAgeGender"/><group><description value="Patient stratification by gender and 5-year age groups"/><population id="initial-population-identifier"><code><coding><system value="http://terminology.hl7.org/CodeSystem/measure-population"/><code value="initial-population"/></coding></code><criteria><language value="text/cql-identifier"/><expression value="InInitialPopulation"/></criteria></population><stratifier id="stratifier-gender"><code><coding><system value="http://loinc.org"/><code value="107454-1"/><display value="Administrative gender"/></coding></code><criteria><language value="text/cql-identifier"/><expression value="Gender"/></criteria></stratifier><stratifier id="stratifier-age-five-year-groups"><code><coding><system value="http://loinc.org"/><code value="46251-5"/><display value="Age group"/></coding></code><criteria><language value="text/cql-identifier"/><expression value="AgeFiveYearGroups"/></criteria></stratifier></group></Measure>