<?xml version="1.0" encoding="UTF-8"?><Measure xmlns="http://hl7.org/fhir"><id value="mii-msr-summary-report-fhir-data-evaluator"/><url value="https://medizininformatik-initiative.de/fhir/Measure/SummaryReport"/><version value="0.1.0"/><name value="SummaryReport"/><title value="Summary Report"/><status value="active"/><experimental value="false"/><date value="2025-09-30"/><publisher value="Medizininformatik Initiative"/><contact><name value="Medizininformatik Initiative"/><telecom><system value="url"/><value value="https://www.medizininformatik-initiative.de/"/></telecom></contact><description value="Summary Report that uses FHIRPath and works with the FHIR Data Evaluator"/><group><description value="Simple Stratifier concept"/><population id="initial-population-identifier"><code><coding><system value="http://terminology.hl7.org/CodeSystem/measure-population"/><code value="initial-population"/></coding></code><criteria><language value="text/x-fhir-query"/><expression value="Patient?"/></criteria></population><stratifier id="strat-1"><code><coding><system value="http://fhir-evaluator/strat/system"/><code value="gender"/></coding></code><criteria><language value="text/fhirpath"/><expression value="Patient.gender"/></criteria></stratifier></group></Measure>