<?xml version="1.0" encoding="UTF-8"?><Measure xmlns="http://hl7.org/fhir"><id value="mii-msr-summary-report-age-gender-cql"/><url value="https://medizininformatik-initiative.de/fhir/Measure/SummaryReportAgeGenderCQL"/><version value="0.1.0"/><name value="SummaryReportAgeGenderCQL"/><title value="Summary Report Age Gender CQL"/><status value="active"/><experimental value="false"/><date value="2025-09-30"/><publisher value="Medizininformatik Initiative"/><contact><name value="Medizininformatik Initiative"/><telecom><system value="url"/><value value="https://www.medizininformatik-initiative.de/"/></telecom></contact><description value="Summary Report with gender and age decade stratification using CQL"/><library value="https://www.medizininformatik-initiative.de/fhir/Library/StratifierAgeGender"/><group><description value="Patient stratification by gender and age decade"/><population id="initial-population-identifier"><code><coding><system value="http://terminology.hl7.org/CodeSystem/measure-population"/><code value="initial-population"/></coding></code><criteria><language value="text/cql-identifier"/><expression value="InInitialPopulation"/></criteria></population><stratifier id="strat-gender"><code><coding><system value="http://fhir-evaluator/strat/system"/><code value="gender"/></coding></code><criteria><language value="text/cql-identifier"/><expression value="Gender"/></criteria></stratifier><stratifier id="strat-age-decade"><code><coding><system value="http://fhir-evaluator/strat/system"/><code value="age-decade"/></coding></code><criteria><language value="text/cql-identifier"/><expression value="AgeDecade"/></criteria></stratifier></group></Measure>