<?xml version="1.0" encoding="UTF-8"?><Measure xmlns="http://hl7.org/fhir"><id value="mii-msr-summary-report-composite-gender-age-cql"/><url value="https://medizininformatik-initiative.de/fhir/Measure/SummaryReportCompositeAgeGenderCQL"/><version value="0.1.0"/><name value="SummaryReportCompositeAgeGenderCQL"/><title value="Summary Report Composite Age Gender CQL"/><status value="active"/><experimental value="false"/><date value="2025-09-30"/><publisher value="Medizininformatik Initiative"/><contact><name value="Medizininformatik Initiative"/><telecom><system value="url"/><value value="https://www.medizininformatik-initiative.de/"/></telecom></contact><description value="Summary Report with gender and age decade stratification using CQL in a composite stratifier"/><library value="https://www.medizininformatik-initiative.de/fhir/Library/StratifierAgeGender"/><group><description value="Composite stratification by gender and age decade"/><population id="initial-population"><code><coding><system value="http://terminology.hl7.org/CodeSystem/measure-population"/><code value="initial-population"/></coding></code><criteria><language value="text/cql-identifier"/><expression value="InInitialPopulation"/></criteria></population><stratifier id="strat-gender-age"><code><coding><system value="http://fhir-evaluator/strat/system"/><code value="gender-age-composite"/></coding></code><description value="Combined gender and age decade stratification"/><component><code><coding><system value="http://fhir-evaluator/strat/system"/><code value="gender"/></coding></code><description value="Patient gender"/><criteria><language value="text/cql-identifier"/><expression value="Gender"/></criteria></component><component><code><coding><system value="http://fhir-evaluator/strat/system"/><code value="age-decade"/></coding></code><description value="Patient age decade"/><criteria><language value="text/cql-identifier"/><expression value="AgeDecade"/></criteria></component></stratifier></group></Measure>