[
  {
    "id" : "ext-R5-MeasureReport.gr.st.st.co.value",
    "type" : "StructureDefinition",
    "url" : "http://hl7.org/fhir/5.0/StructureDefinition/extension-MeasureReport.group.stratifier.stratum.component.value",
    "version" : "0.1.0",
    "name" : "ext_R5_MeasureReport_gr_st_st_co_value"
  },
  {
    "id" : "ext-R5-MeasureReport.gr.st.st.value",
    "type" : "StructureDefinition",
    "url" : "http://hl7.org/fhir/5.0/StructureDefinition/extension-MeasureReport.group.stratifier.stratum.value",
    "version" : "0.1.0",
    "name" : "ext_R5_MeasureReport_gr_st_st_value"
  },
  {
    "id" : "summary-report-codes",
    "type" : "CodeSystem",
    "url" : "https://www.medizininformatik-initiative.de/fhir/summary-reports/CodeSystem/summary-report-codes",
    "version" : "0.1.0",
    "name" : "SummaryReportCodes"
  },
  {
    "id" : "summary-report-group-codes",
    "type" : "CodeSystem",
    "url" : "https://www.medizininformatik-initiative.de/fhir/summary-reports/CodeSystem/summary-report-group-codes",
    "version" : "0.1.0",
    "name" : "SummaryReportGroupCodes"
  },
  {
    "id" : "summary-reports",
    "type" : "ImplementationGuide",
    "url" : "https://www.medizininformatik-initiative.de/fhir/summary-reports/ImplementationGuide/summary-reports",
    "version" : "0.1.0",
    "name" : "SummaryReports"
  },
  {
    "id" : "SummaryReportMeasure",
    "type" : "StructureDefinition",
    "url" : "https://www.medizininformatik-initiative.de/fhir/summary-reports/StructureDefinition/SummaryReportMeasure",
    "version" : "0.1.0",
    "name" : "SummaryReportMeasure"
  }
]
