[
  {
    "id" : "mii-msr-summary-report-fhir-data-evaluator",
    "type" : "Measure",
    "url" : "https://medizininformatik-initiative.de/fhir/Measure/SummaryReport",
    "version" : "0.1.0",
    "name" : "SummaryReport"
  },
  {
    "id" : "mii-msr-summary-report-age-gender-cql",
    "type" : "Measure",
    "url" : "https://medizininformatik-initiative.de/fhir/Measure/SummaryReportAgeGenderCQL",
    "version" : "0.1.0",
    "name" : "SummaryReportAgeGenderCQL"
  },
  {
    "id" : "mii-msr-summary-report-composite-gender-age-cql",
    "type" : "Measure",
    "url" : "https://medizininformatik-initiative.de/fhir/Measure/SummaryReportCompositeAgeGenderCQL",
    "version" : "0.1.0",
    "name" : "SummaryReportCompositeAgeGenderCQL"
  },
  {
    "id" : "mii-lib-stratifier-age-gender",
    "type" : "Library",
    "url" : "https://www.medizininformatik-initiative.de/fhir/Library/StratifierAgeGender",
    "version" : "0.1.0",
    "name" : "StratifierAgeGender"
  },
  {
    "id" : "mii-cs-summary-report-codes",
    "type" : "CodeSystem",
    "url" : "https://www.medizininformatik-initiative.de/fhir/summary-reports/CodeSystem/mii-cs-summary-report-codes",
    "version" : "0.1.0",
    "name" : "MII_CS_Summary_Report_Codes"
  },
  {
    "id" : "summary-reports",
    "type" : "ImplementationGuide",
    "url" : "https://www.medizininformatik-initiative.de/fhir/summary-reports/ImplementationGuide/summary-reports",
    "version" : "0.1.0",
    "name" : "SummaryReports"
  }
]
