{
  "resourceType" : "MeasureReport",
  "id" : "mii-msrpt-summary-report-zensus-2022",
  "text" : {
    "status" : "generated",
    "div" : "<div xmlns=\"http://www.w3.org/1999/xhtml\"><p class=\"res-header-id\"><b>Generated Narrative: MeasureReport mii-msrpt-summary-report-zensus-2022</b></p><a name=\"mii-msrpt-summary-report-zensus-2022\"> </a><a name=\"hcmii-msrpt-summary-report-zensus-2022\"> </a><p><b>status</b>: Complete</p><p><b>type</b>: Summary</p><p><b>measure</b>: <a href=\"Bundle-mii-bdl-measure-library-transaction-bundle.html\">Summary Report Composite Age Gender CQLversion: null1.0)</a></p><p><b>date</b>: 2025-10-16</p><p><b>period</b>: 2022 --&gt; 2022</p><blockquote><p><b>group</b></p><h3>Populations</h3><table class=\"grid\"><tr><td style=\"display: none\">-</td><td><b>Code</b></td><td><b>Count</b></td></tr><tr><td style=\"display: none\">*</td><td><span title=\"Codes:{http://terminology.hl7.org/CodeSystem/measure-population initial-population}\">Initial Population</span></td><td>83237124</td></tr></table><blockquote><p><b>stratifier</b></p><blockquote><p><b>stratum</b></p><blockquote><p><b>component</b></p><p><b>code</b>: <span title=\"Codes:{http://loinc.org 46251-5}\">Age group</span></p><p><b>value</b>: <span title=\"Codes:\">0-4</span></p></blockquote><blockquote><p><b>component</b></p><p><b>code</b>: <span title=\"Codes:{http://loinc.org #99502-7}\">Recorded sex or gender</span></p><p><b>value</b>: <span title=\"Codes:\">male</span></p></blockquote><h3>Populations</h3><table class=\"grid\"><tr><td style=\"display: none\">-</td><td><b>Code</b></td><td><b>Count</b></td></tr><tr><td style=\"display: none\">*</td><td><span title=\"Codes:{http://terminology.hl7.org/CodeSystem/measure-population initial-population}\">Initial Population</span></td><td>1987683</td></tr></table></blockquote><blockquote><p><b>stratum</b></p><blockquote><p><b>component</b></p><p><b>code</b>: <span title=\"Codes:{http://loinc.org 46251-5}\">Age group</span></p><p><b>value</b>: <span title=\"Codes:\">0-4</span></p></blockquote><blockquote><p><b>component</b></p><p><b>code</b>: <span title=\"Codes:{http://loinc.org #99502-7}\">Recorded sex or gender</span></p><p><b>value</b>: <span title=\"Codes:\">female</span></p></blockquote><h3>Populations</h3><table class=\"grid\"><tr><td style=\"display: none\">-</td><td><b>Code</b></td><td><b>Count</b></td></tr><tr><td style=\"display: none\">*</td><td><span title=\"Codes:{http://terminology.hl7.org/CodeSystem/measure-population initial-population}\">Initial Population</span></td><td>1890251</td></tr></table></blockquote><blockquote><p><b>stratum</b></p><blockquote><p><b>component</b></p><p><b>code</b>: <span title=\"Codes:{http://loinc.org 46251-5}\">Age group</span></p><p><b>value</b>: <span title=\"Codes:\">5-9</span></p></blockquote><blockquote><p><b>component</b></p><p><b>code</b>: <span title=\"Codes:{http://loinc.org #99502-7}\">Recorded sex or gender</span></p><p><b>value</b>: <span title=\"Codes:\">male</span></p></blockquote><h3>Populations</h3><table class=\"grid\"><tr><td style=\"display: none\">-</td><td><b>Code</b></td><td><b>Count</b></td></tr><tr><td style=\"display: none\">*</td><td><span title=\"Codes:{http://terminology.hl7.org/CodeSystem/measure-population initial-population}\">Initial Population</span></td><td>1988215</td></tr></table></blockquote><blockquote><p><b>stratum</b></p><blockquote><p><b>component</b></p><p><b>code</b>: <span title=\"Codes:{http://loinc.org 46251-5}\">Age group</span></p><p><b>value</b>: <span title=\"Codes:\">5-9</span></p></blockquote><blockquote><p><b>component</b></p><p><b>code</b>: <span title=\"Codes:{http://loinc.org #99502-7}\">Recorded sex or gender</span></p><p><b>value</b>: <span title=\"Codes:\">female</span></p></blockquote><h3>Populations</h3><table class=\"grid\"><tr><td style=\"display: none\">-</td><td><b>Code</b></td><td><b>Count</b></td></tr><tr><td style=\"display: none\">*</td><td><span title=\"Codes:{http://terminology.hl7.org/CodeSystem/measure-population initial-population}\">Initial Population</span></td><td>1892512</td></tr></table></blockquote><blockquote><p><b>stratum</b></p><blockquote><p><b>component</b></p><p><b>code</b>: <span title=\"Codes:{http://loinc.org 46251-5}\">Age group</span></p><p><b>value</b>: <span title=\"Codes:\">10-14</span></p></blockquote><blockquote><p><b>component</b></p><p><b>code</b>: <span title=\"Codes:{http://loinc.org #99502-7}\">Recorded sex or gender</span></p><p><b>value</b>: <span title=\"Codes:\">male</span></p></blockquote><h3>Populations</h3><table class=\"grid\"><tr><td style=\"display: none\">-</td><td><b>Code</b></td><td><b>Count</b></td></tr><tr><td style=\"display: none\">*</td><td><span title=\"Codes:{http://terminology.hl7.org/CodeSystem/measure-population initial-population}\">Initial Population</span></td><td>1937288</td></tr></table></blockquote><blockquote><p><b>stratum</b></p><blockquote><p><b>component</b></p><p><b>code</b>: <span title=\"Codes:{http://loinc.org 46251-5}\">Age group</span></p><p><b>value</b>: <span title=\"Codes:\">10-14</span></p></blockquote><blockquote><p><b>component</b></p><p><b>code</b>: <span title=\"Codes:{http://loinc.org #99502-7}\">Recorded sex or gender</span></p><p><b>value</b>: <span title=\"Codes:\">female</span></p></blockquote><h3>Populations</h3><table class=\"grid\"><tr><td style=\"display: none\">-</td><td><b>Code</b></td><td><b>Count</b></td></tr><tr><td style=\"display: none\">*</td><td><span title=\"Codes:{http://terminology.hl7.org/CodeSystem/measure-population initial-population}\">Initial Population</span></td><td>1840217</td></tr></table></blockquote><blockquote><p><b>stratum</b></p><blockquote><p><b>component</b></p><p><b>code</b>: <span title=\"Codes:{http://loinc.org 46251-5}\">Age group</span></p><p><b>value</b>: <span title=\"Codes:\">15-19</span></p></blockquote><blockquote><p><b>component</b></p><p><b>code</b>: <span title=\"Codes:{http://loinc.org #99502-7}\">Recorded sex or gender</span></p><p><b>value</b>: <span title=\"Codes:\">male</span></p></blockquote><h3>Populations</h3><table class=\"grid\"><tr><td style=\"display: none\">-</td><td><b>Code</b></td><td><b>Count</b></td></tr><tr><td style=\"display: none\">*</td><td><span title=\"Codes:{http://terminology.hl7.org/CodeSystem/measure-population initial-population}\">Initial Population</span></td><td>1952159</td></tr></table></blockquote><blockquote><p><b>stratum</b></p><blockquote><p><b>component</b></p><p><b>code</b>: <span title=\"Codes:{http://loinc.org 46251-5}\">Age group</span></p><p><b>value</b>: <span title=\"Codes:\">15-19</span></p></blockquote><blockquote><p><b>component</b></p><p><b>code</b>: <span title=\"Codes:{http://loinc.org #99502-7}\">Recorded sex or gender</span></p><p><b>value</b>: <span title=\"Codes:\">female</span></p></blockquote><h3>Populations</h3><table class=\"grid\"><tr><td style=\"display: none\">-</td><td><b>Code</b></td><td><b>Count</b></td></tr><tr><td style=\"display: none\">*</td><td><span title=\"Codes:{http://terminology.hl7.org/CodeSystem/measure-population initial-population}\">Initial Population</span></td><td>1850504</td></tr></table></blockquote><blockquote><p><b>stratum</b></p><blockquote><p><b>component</b></p><p><b>code</b>: <span title=\"Codes:{http://loinc.org 46251-5}\">Age group</span></p><p><b>value</b>: <span title=\"Codes:\">20-24</span></p></blockquote><blockquote><p><b>component</b></p><p><b>code</b>: <span title=\"Codes:{http://loinc.org #99502-7}\">Recorded sex or gender</span></p><p><b>value</b>: <span title=\"Codes:\">male</span></p></blockquote><h3>Populations</h3><table class=\"grid\"><tr><td style=\"display: none\">-</td><td><b>Code</b></td><td><b>Count</b></td></tr><tr><td style=\"display: none\">*</td><td><span title=\"Codes:{http://terminology.hl7.org/CodeSystem/measure-population initial-population}\">Initial Population</span></td><td>2279369</td></tr></table></blockquote><blockquote><p><b>stratum</b></p><blockquote><p><b>component</b></p><p><b>code</b>: <span title=\"Codes:{http://loinc.org 46251-5}\">Age group</span></p><p><b>value</b>: <span title=\"Codes:\">20-24</span></p></blockquote><blockquote><p><b>component</b></p><p><b>code</b>: <span title=\"Codes:{http://loinc.org #99502-7}\">Recorded sex or gender</span></p><p><b>value</b>: <span title=\"Codes:\">female</span></p></blockquote><h3>Populations</h3><table class=\"grid\"><tr><td style=\"display: none\">-</td><td><b>Code</b></td><td><b>Count</b></td></tr><tr><td style=\"display: none\">*</td><td><span title=\"Codes:{http://terminology.hl7.org/CodeSystem/measure-population initial-population}\">Initial Population</span></td><td>2120264</td></tr></table></blockquote><blockquote><p><b>stratum</b></p><blockquote><p><b>component</b></p><p><b>code</b>: <span title=\"Codes:{http://loinc.org 46251-5}\">Age group</span></p><p><b>value</b>: <span title=\"Codes:\">25-29</span></p></blockquote><blockquote><p><b>component</b></p><p><b>code</b>: <span title=\"Codes:{http://loinc.org #99502-7}\">Recorded sex or gender</span></p><p><b>value</b>: <span title=\"Codes:\">male</span></p></blockquote><h3>Populations</h3><table class=\"grid\"><tr><td style=\"display: none\">-</td><td><b>Code</b></td><td><b>Count</b></td></tr><tr><td style=\"display: none\">*</td><td><span title=\"Codes:{http://terminology.hl7.org/CodeSystem/measure-population initial-population}\">Initial Population</span></td><td>2462150</td></tr></table></blockquote><blockquote><p><b>stratum</b></p><blockquote><p><b>component</b></p><p><b>code</b>: <span title=\"Codes:{http://loinc.org 46251-5}\">Age group</span></p><p><b>value</b>: <span title=\"Codes:\">25-29</span></p></blockquote><blockquote><p><b>component</b></p><p><b>code</b>: <span title=\"Codes:{http://loinc.org #99502-7}\">Recorded sex or gender</span></p><p><b>value</b>: <span title=\"Codes:\">female</span></p></blockquote><h3>Populations</h3><table class=\"grid\"><tr><td style=\"display: none\">-</td><td><b>Code</b></td><td><b>Count</b></td></tr><tr><td style=\"display: none\">*</td><td><span title=\"Codes:{http://terminology.hl7.org/CodeSystem/measure-population initial-population}\">Initial Population</span></td><td>2296544</td></tr></table></blockquote><blockquote><p><b>stratum</b></p><blockquote><p><b>component</b></p><p><b>code</b>: <span title=\"Codes:{http://loinc.org 46251-5}\">Age group</span></p><p><b>value</b>: <span title=\"Codes:\">30-34</span></p></blockquote><blockquote><p><b>component</b></p><p><b>code</b>: <span title=\"Codes:{http://loinc.org #99502-7}\">Recorded sex or gender</span></p><p><b>value</b>: <span title=\"Codes:\">male</span></p></blockquote><h3>Populations</h3><table class=\"grid\"><tr><td style=\"display: none\">-</td><td><b>Code</b></td><td><b>Count</b></td></tr><tr><td style=\"display: none\">*</td><td><span title=\"Codes:{http://terminology.hl7.org/CodeSystem/measure-population initial-population}\">Initial Population</span></td><td>2799966</td></tr></table></blockquote><blockquote><p><b>stratum</b></p><blockquote><p><b>component</b></p><p><b>code</b>: <span title=\"Codes:{http://loinc.org 46251-5}\">Age group</span></p><p><b>value</b>: <span title=\"Codes:\">30-34</span></p></blockquote><blockquote><p><b>component</b></p><p><b>code</b>: <span title=\"Codes:{http://loinc.org #99502-7}\">Recorded sex or gender</span></p><p><b>value</b>: <span title=\"Codes:\">female</span></p></blockquote><h3>Populations</h3><table class=\"grid\"><tr><td style=\"display: none\">-</td><td><b>Code</b></td><td><b>Count</b></td></tr><tr><td style=\"display: none\">*</td><td><span title=\"Codes:{http://terminology.hl7.org/CodeSystem/measure-population initial-population}\">Initial Population</span></td><td>2670725</td></tr></table></blockquote><blockquote><p><b>stratum</b></p><blockquote><p><b>component</b></p><p><b>code</b>: <span title=\"Codes:{http://loinc.org 46251-5}\">Age group</span></p><p><b>value</b>: <span title=\"Codes:\">35-39</span></p></blockquote><blockquote><p><b>component</b></p><p><b>code</b>: <span title=\"Codes:{http://loinc.org #99502-7}\">Recorded sex or gender</span></p><p><b>value</b>: <span title=\"Codes:\">male</span></p></blockquote><h3>Populations</h3><table class=\"grid\"><tr><td style=\"display: none\">-</td><td><b>Code</b></td><td><b>Count</b></td></tr><tr><td style=\"display: none\">*</td><td><span title=\"Codes:{http://terminology.hl7.org/CodeSystem/measure-population initial-population}\">Initial Population</span></td><td>2724799</td></tr></table></blockquote><blockquote><p><b>stratum</b></p><blockquote><p><b>component</b></p><p><b>code</b>: <span title=\"Codes:{http://loinc.org 46251-5}\">Age group</span></p><p><b>value</b>: <span title=\"Codes:\">35-39</span></p></blockquote><blockquote><p><b>component</b></p><p><b>code</b>: <span title=\"Codes:{http://loinc.org #99502-7}\">Recorded sex or gender</span></p><p><b>value</b>: <span title=\"Codes:\">female</span></p></blockquote><h3>Populations</h3><table class=\"grid\"><tr><td style=\"display: none\">-</td><td><b>Code</b></td><td><b>Count</b></td></tr><tr><td style=\"display: none\">*</td><td><span title=\"Codes:{http://terminology.hl7.org/CodeSystem/measure-population initial-population}\">Initial Population</span></td><td>2660018</td></tr></table></blockquote><blockquote><p><b>stratum</b></p><blockquote><p><b>component</b></p><p><b>code</b>: <span title=\"Codes:{http://loinc.org 46251-5}\">Age group</span></p><p><b>value</b>: <span title=\"Codes:\">40-44</span></p></blockquote><blockquote><p><b>component</b></p><p><b>code</b>: <span title=\"Codes:{http://loinc.org #99502-7}\">Recorded sex or gender</span></p><p><b>value</b>: <span title=\"Codes:\">male</span></p></blockquote><h3>Populations</h3><table class=\"grid\"><tr><td style=\"display: none\">-</td><td><b>Code</b></td><td><b>Count</b></td></tr><tr><td style=\"display: none\">*</td><td><span title=\"Codes:{http://terminology.hl7.org/CodeSystem/measure-population initial-population}\">Initial Population</span></td><td>2600204</td></tr></table></blockquote><blockquote><p><b>stratum</b></p><blockquote><p><b>component</b></p><p><b>code</b>: <span title=\"Codes:{http://loinc.org 46251-5}\">Age group</span></p><p><b>value</b>: <span title=\"Codes:\">40-44</span></p></blockquote><blockquote><p><b>component</b></p><p><b>code</b>: <span title=\"Codes:{http://loinc.org #99502-7}\">Recorded sex or gender</span></p><p><b>value</b>: <span title=\"Codes:\">female</span></p></blockquote><h3>Populations</h3><table class=\"grid\"><tr><td style=\"display: none\">-</td><td><b>Code</b></td><td><b>Count</b></td></tr><tr><td style=\"display: none\">*</td><td><span title=\"Codes:{http://terminology.hl7.org/CodeSystem/measure-population initial-population}\">Initial Population</span></td><td>2590255</td></tr></table></blockquote><blockquote><p><b>stratum</b></p><blockquote><p><b>component</b></p><p><b>code</b>: <span title=\"Codes:{http://loinc.org 46251-5}\">Age group</span></p><p><b>value</b>: <span title=\"Codes:\">45-49</span></p></blockquote><blockquote><p><b>component</b></p><p><b>code</b>: <span title=\"Codes:{http://loinc.org #99502-7}\">Recorded sex or gender</span></p><p><b>value</b>: <span title=\"Codes:\">male</span></p></blockquote><h3>Populations</h3><table class=\"grid\"><tr><td style=\"display: none\">-</td><td><b>Code</b></td><td><b>Count</b></td></tr><tr><td style=\"display: none\">*</td><td><span title=\"Codes:{http://terminology.hl7.org/CodeSystem/measure-population initial-population}\">Initial Population</span></td><td>2407595</td></tr></table></blockquote><blockquote><p><b>stratum</b></p><blockquote><p><b>component</b></p><p><b>code</b>: <span title=\"Codes:{http://loinc.org 46251-5}\">Age group</span></p><p><b>value</b>: <span title=\"Codes:\">45-49</span></p></blockquote><blockquote><p><b>component</b></p><p><b>code</b>: <span title=\"Codes:{http://loinc.org #99502-7}\">Recorded sex or gender</span></p><p><b>value</b>: <span title=\"Codes:\">female</span></p></blockquote><h3>Populations</h3><table class=\"grid\"><tr><td style=\"display: none\">-</td><td><b>Code</b></td><td><b>Count</b></td></tr><tr><td style=\"display: none\">*</td><td><span title=\"Codes:{http://terminology.hl7.org/CodeSystem/measure-population initial-population}\">Initial Population</span></td><td>2402447</td></tr></table></blockquote><blockquote><p><b>stratum</b></p><blockquote><p><b>component</b></p><p><b>code</b>: <span title=\"Codes:{http://loinc.org 46251-5}\">Age group</span></p><p><b>value</b>: <span title=\"Codes:\">50-54</span></p></blockquote><blockquote><p><b>component</b></p><p><b>code</b>: <span title=\"Codes:{http://loinc.org #99502-7}\">Recorded sex or gender</span></p><p><b>value</b>: <span title=\"Codes:\">male</span></p></blockquote><h3>Populations</h3><table class=\"grid\"><tr><td style=\"display: none\">-</td><td><b>Code</b></td><td><b>Count</b></td></tr><tr><td style=\"display: none\">*</td><td><span title=\"Codes:{http://terminology.hl7.org/CodeSystem/measure-population initial-population}\">Initial Population</span></td><td>3078434</td></tr></table></blockquote><blockquote><p><b>stratum</b></p><blockquote><p><b>component</b></p><p><b>code</b>: <span title=\"Codes:{http://loinc.org 46251-5}\">Age group</span></p><p><b>value</b>: <span title=\"Codes:\">50-54</span></p></blockquote><blockquote><p><b>component</b></p><p><b>code</b>: <span title=\"Codes:{http://loinc.org #99502-7}\">Recorded sex or gender</span></p><p><b>value</b>: <span title=\"Codes:\">female</span></p></blockquote><h3>Populations</h3><table class=\"grid\"><tr><td style=\"display: none\">-</td><td><b>Code</b></td><td><b>Count</b></td></tr><tr><td style=\"display: none\">*</td><td><span title=\"Codes:{http://terminology.hl7.org/CodeSystem/measure-population initial-population}\">Initial Population</span></td><td>3052753</td></tr></table></blockquote><blockquote><p><b>stratum</b></p><blockquote><p><b>component</b></p><p><b>code</b>: <span title=\"Codes:{http://loinc.org 46251-5}\">Age group</span></p><p><b>value</b>: <span title=\"Codes:\">55-59</span></p></blockquote><blockquote><p><b>component</b></p><p><b>code</b>: <span title=\"Codes:{http://loinc.org #99502-7}\">Recorded sex or gender</span></p><p><b>value</b>: <span title=\"Codes:\">male</span></p></blockquote><h3>Populations</h3><table class=\"grid\"><tr><td style=\"display: none\">-</td><td><b>Code</b></td><td><b>Count</b></td></tr><tr><td style=\"display: none\">*</td><td><span title=\"Codes:{http://terminology.hl7.org/CodeSystem/measure-population initial-population}\">Initial Population</span></td><td>3403909</td></tr></table></blockquote><blockquote><p><b>stratum</b></p><blockquote><p><b>component</b></p><p><b>code</b>: <span title=\"Codes:{http://loinc.org 46251-5}\">Age group</span></p><p><b>value</b>: <span title=\"Codes:\">55-59</span></p></blockquote><blockquote><p><b>component</b></p><p><b>code</b>: <span title=\"Codes:{http://loinc.org #99502-7}\">Recorded sex or gender</span></p><p><b>value</b>: <span title=\"Codes:\">female</span></p></blockquote><h3>Populations</h3><table class=\"grid\"><tr><td style=\"display: none\">-</td><td><b>Code</b></td><td><b>Count</b></td></tr><tr><td style=\"display: none\">*</td><td><span title=\"Codes:{http://terminology.hl7.org/CodeSystem/measure-population initial-population}\">Initial Population</span></td><td>3391338</td></tr></table></blockquote><blockquote><p><b>stratum</b></p><blockquote><p><b>component</b></p><p><b>code</b>: <span title=\"Codes:{http://loinc.org 46251-5}\">Age group</span></p><p><b>value</b>: <span title=\"Codes:\">60-64</span></p></blockquote><blockquote><p><b>component</b></p><p><b>code</b>: <span title=\"Codes:{http://loinc.org #99502-7}\">Recorded sex or gender</span></p><p><b>value</b>: <span title=\"Codes:\">male</span></p></blockquote><h3>Populations</h3><table class=\"grid\"><tr><td style=\"display: none\">-</td><td><b>Code</b></td><td><b>Count</b></td></tr><tr><td style=\"display: none\">*</td><td><span title=\"Codes:{http://terminology.hl7.org/CodeSystem/measure-population initial-population}\">Initial Population</span></td><td>2973862</td></tr></table></blockquote><blockquote><p><b>stratum</b></p><blockquote><p><b>component</b></p><p><b>code</b>: <span title=\"Codes:{http://loinc.org 46251-5}\">Age group</span></p><p><b>value</b>: <span title=\"Codes:\">60-64</span></p></blockquote><blockquote><p><b>component</b></p><p><b>code</b>: <span title=\"Codes:{http://loinc.org #99502-7}\">Recorded sex or gender</span></p><p><b>value</b>: <span title=\"Codes:\">female</span></p></blockquote><h3>Populations</h3><table class=\"grid\"><tr><td style=\"display: none\">-</td><td><b>Code</b></td><td><b>Count</b></td></tr><tr><td style=\"display: none\">*</td><td><span title=\"Codes:{http://terminology.hl7.org/CodeSystem/measure-population initial-population}\">Initial Population</span></td><td>3075856</td></tr></table></blockquote><blockquote><p><b>stratum</b></p><blockquote><p><b>component</b></p><p><b>code</b>: <span title=\"Codes:{http://loinc.org 46251-5}\">Age group</span></p><p><b>value</b>: <span title=\"Codes:\">65-69</span></p></blockquote><blockquote><p><b>component</b></p><p><b>code</b>: <span title=\"Codes:{http://loinc.org #99502-7}\">Recorded sex or gender</span></p><p><b>value</b>: <span title=\"Codes:\">male</span></p></blockquote><h3>Populations</h3><table class=\"grid\"><tr><td style=\"display: none\">-</td><td><b>Code</b></td><td><b>Count</b></td></tr><tr><td style=\"display: none\">*</td><td><span title=\"Codes:{http://terminology.hl7.org/CodeSystem/measure-population initial-population}\">Initial Population</span></td><td>2403223</td></tr></table></blockquote><blockquote><p><b>stratum</b></p><blockquote><p><b>component</b></p><p><b>code</b>: <span title=\"Codes:{http://loinc.org 46251-5}\">Age group</span></p><p><b>value</b>: <span title=\"Codes:\">65-69</span></p></blockquote><blockquote><p><b>component</b></p><p><b>code</b>: <span title=\"Codes:{http://loinc.org #99502-7}\">Recorded sex or gender</span></p><p><b>value</b>: <span title=\"Codes:\">female</span></p></blockquote><h3>Populations</h3><table class=\"grid\"><tr><td style=\"display: none\">-</td><td><b>Code</b></td><td><b>Count</b></td></tr><tr><td style=\"display: none\">*</td><td><span title=\"Codes:{http://terminology.hl7.org/CodeSystem/measure-population initial-population}\">Initial Population</span></td><td>2606851</td></tr></table></blockquote><blockquote><p><b>stratum</b></p><blockquote><p><b>component</b></p><p><b>code</b>: <span title=\"Codes:{http://loinc.org 46251-5}\">Age group</span></p><p><b>value</b>: <span title=\"Codes:\">70-74</span></p></blockquote><blockquote><p><b>component</b></p><p><b>code</b>: <span title=\"Codes:{http://loinc.org #99502-7}\">Recorded sex or gender</span></p><p><b>value</b>: <span title=\"Codes:\">male</span></p></blockquote><h3>Populations</h3><table class=\"grid\"><tr><td style=\"display: none\">-</td><td><b>Code</b></td><td><b>Count</b></td></tr><tr><td style=\"display: none\">*</td><td><span title=\"Codes:{http://terminology.hl7.org/CodeSystem/measure-population initial-population}\">Initial Population</span></td><td>1965144</td></tr></table></blockquote><blockquote><p><b>stratum</b></p><blockquote><p><b>component</b></p><p><b>code</b>: <span title=\"Codes:{http://loinc.org 46251-5}\">Age group</span></p><p><b>value</b>: <span title=\"Codes:\">70-74</span></p></blockquote><blockquote><p><b>component</b></p><p><b>code</b>: <span title=\"Codes:{http://loinc.org #99502-7}\">Recorded sex or gender</span></p><p><b>value</b>: <span title=\"Codes:\">female</span></p></blockquote><h3>Populations</h3><table class=\"grid\"><tr><td style=\"display: none\">-</td><td><b>Code</b></td><td><b>Count</b></td></tr><tr><td style=\"display: none\">*</td><td><span title=\"Codes:{http://terminology.hl7.org/CodeSystem/measure-population initial-population}\">Initial Population</span></td><td>2251558</td></tr></table></blockquote><blockquote><p><b>stratum</b></p><blockquote><p><b>component</b></p><p><b>code</b>: <span title=\"Codes:{http://loinc.org 46251-5}\">Age group</span></p><p><b>value</b>: <span title=\"Codes:\">75-79</span></p></blockquote><blockquote><p><b>component</b></p><p><b>code</b>: <span title=\"Codes:{http://loinc.org #99502-7}\">Recorded sex or gender</span></p><p><b>value</b>: <span title=\"Codes:\">male</span></p></blockquote><h3>Populations</h3><table class=\"grid\"><tr><td style=\"display: none\">-</td><td><b>Code</b></td><td><b>Count</b></td></tr><tr><td style=\"display: none\">*</td><td><span title=\"Codes:{http://terminology.hl7.org/CodeSystem/measure-population initial-population}\">Initial Population</span></td><td>1397042</td></tr></table></blockquote><blockquote><p><b>stratum</b></p><blockquote><p><b>component</b></p><p><b>code</b>: <span title=\"Codes:{http://loinc.org 46251-5}\">Age group</span></p><p><b>value</b>: <span title=\"Codes:\">75-79</span></p></blockquote><blockquote><p><b>component</b></p><p><b>code</b>: <span title=\"Codes:{http://loinc.org #99502-7}\">Recorded sex or gender</span></p><p><b>value</b>: <span title=\"Codes:\">female</span></p></blockquote><h3>Populations</h3><table class=\"grid\"><tr><td style=\"display: none\">-</td><td><b>Code</b></td><td><b>Count</b></td></tr><tr><td style=\"display: none\">*</td><td><span title=\"Codes:{http://terminology.hl7.org/CodeSystem/measure-population initial-population}\">Initial Population</span></td><td>1725208</td></tr></table></blockquote><blockquote><p><b>stratum</b></p><blockquote><p><b>component</b></p><p><b>code</b>: <span title=\"Codes:{http://loinc.org 46251-5}\">Age group</span></p><p><b>value</b>: <span title=\"Codes:\">80-84</span></p></blockquote><blockquote><p><b>component</b></p><p><b>code</b>: <span title=\"Codes:{http://loinc.org #99502-7}\">Recorded sex or gender</span></p><p><b>value</b>: <span title=\"Codes:\">male</span></p></blockquote><h3>Populations</h3><table class=\"grid\"><tr><td style=\"display: none\">-</td><td><b>Code</b></td><td><b>Count</b></td></tr><tr><td style=\"display: none\">*</td><td><span title=\"Codes:{http://terminology.hl7.org/CodeSystem/measure-population initial-population}\">Initial Population</span></td><td>1410180</td></tr></table></blockquote><blockquote><p><b>stratum</b></p><blockquote><p><b>component</b></p><p><b>code</b>: <span title=\"Codes:{http://loinc.org 46251-5}\">Age group</span></p><p><b>value</b>: <span title=\"Codes:\">80-84</span></p></blockquote><blockquote><p><b>component</b></p><p><b>code</b>: <span title=\"Codes:{http://loinc.org #99502-7}\">Recorded sex or gender</span></p><p><b>value</b>: <span title=\"Codes:\">female</span></p></blockquote><h3>Populations</h3><table class=\"grid\"><tr><td style=\"display: none\">-</td><td><b>Code</b></td><td><b>Count</b></td></tr><tr><td style=\"display: none\">*</td><td><span title=\"Codes:{http://terminology.hl7.org/CodeSystem/measure-population initial-population}\">Initial Population</span></td><td>1985426</td></tr></table></blockquote><blockquote><p><b>stratum</b></p><blockquote><p><b>component</b></p><p><b>code</b>: <span title=\"Codes:{http://loinc.org 46251-5}\">Age group</span></p><p><b>value</b>: <span title=\"Codes:\">85-89</span></p></blockquote><blockquote><p><b>component</b></p><p><b>code</b>: <span title=\"Codes:{http://loinc.org #99502-7}\">Recorded sex or gender</span></p><p><b>value</b>: <span title=\"Codes:\">male</span></p></blockquote><h3>Populations</h3><table class=\"grid\"><tr><td style=\"display: none\">-</td><td><b>Code</b></td><td><b>Count</b></td></tr><tr><td style=\"display: none\">*</td><td><span title=\"Codes:{http://terminology.hl7.org/CodeSystem/measure-population initial-population}\">Initial Population</span></td><td>666342</td></tr></table></blockquote><blockquote><p><b>stratum</b></p><blockquote><p><b>component</b></p><p><b>code</b>: <span title=\"Codes:{http://loinc.org 46251-5}\">Age group</span></p><p><b>value</b>: <span title=\"Codes:\">85-89</span></p></blockquote><blockquote><p><b>component</b></p><p><b>code</b>: <span title=\"Codes:{http://loinc.org #99502-7}\">Recorded sex or gender</span></p><p><b>value</b>: <span title=\"Codes:\">female</span></p></blockquote><h3>Populations</h3><table class=\"grid\"><tr><td style=\"display: none\">-</td><td><b>Code</b></td><td><b>Count</b></td></tr><tr><td style=\"display: none\">*</td><td><span title=\"Codes:{http://terminology.hl7.org/CodeSystem/measure-population initial-population}\">Initial Population</span></td><td>1137755</td></tr></table></blockquote><blockquote><p><b>stratum</b></p><blockquote><p><b>component</b></p><p><b>code</b>: <span title=\"Codes:{http://loinc.org 46251-5}\">Age group</span></p><p><b>value</b>: <span title=\"Codes:\">90-94</span></p></blockquote><blockquote><p><b>component</b></p><p><b>code</b>: <span title=\"Codes:{http://loinc.org #99502-7}\">Recorded sex or gender</span></p><p><b>value</b>: <span title=\"Codes:\">male</span></p></blockquote><h3>Populations</h3><table class=\"grid\"><tr><td style=\"display: none\">-</td><td><b>Code</b></td><td><b>Count</b></td></tr><tr><td style=\"display: none\">*</td><td><span title=\"Codes:{http://terminology.hl7.org/CodeSystem/measure-population initial-population}\">Initial Population</span></td><td>236467</td></tr></table></blockquote><blockquote><p><b>stratum</b></p><blockquote><p><b>component</b></p><p><b>code</b>: <span title=\"Codes:{http://loinc.org 46251-5}\">Age group</span></p><p><b>value</b>: <span title=\"Codes:\">90-94</span></p></blockquote><blockquote><p><b>component</b></p><p><b>code</b>: <span title=\"Codes:{http://loinc.org #99502-7}\">Recorded sex or gender</span></p><p><b>value</b>: <span title=\"Codes:\">female</span></p></blockquote><h3>Populations</h3><table class=\"grid\"><tr><td style=\"display: none\">-</td><td><b>Code</b></td><td><b>Count</b></td></tr><tr><td style=\"display: none\">*</td><td><span title=\"Codes:{http://terminology.hl7.org/CodeSystem/measure-population initial-population}\">Initial Population</span></td><td>605005</td></tr></table></blockquote></blockquote></blockquote></div>"
  },
  "status" : "complete",
  "type" : "summary",
  "measure" : "https://medizininformatik-initiative.de/fhir/Measure/SummaryReportCompositeAgeGenderCQL|1.0",
  "date" : "2025-10-16",
  "period" : {
    "start" : "2022",
    "end" : "2022"
  },
  "group" : [{
    "population" : [{
      "code" : {
        "coding" : [{
          "system" : "http://terminology.hl7.org/CodeSystem/measure-population",
          "code" : "initial-population"
        }]
      },
      "count" : 83237124
    }],
    "stratifier" : [{
      "stratum" : [{
        "component" : [{
          "code" : {
            "coding" : [{
              "system" : "http://loinc.org",
              "code" : "46251-5",
              "display" : "Age group"
            }]
          },
          "value" : {
            "text" : "0-4"
          }
        },
        {
          "code" : {
            "coding" : [{
              "system" : "http://loinc.org",
              "code" : "#99502-7",
              "display" : "Recorded sex or gender"
            }]
          },
          "value" : {
            "text" : "male"
          }
        }],
        "population" : [{
          "code" : {
            "coding" : [{
              "system" : "http://terminology.hl7.org/CodeSystem/measure-population",
              "code" : "initial-population"
            }]
          },
          "count" : 1987683
        }]
      },
      {
        "component" : [{
          "code" : {
            "coding" : [{
              "system" : "http://loinc.org",
              "code" : "46251-5",
              "display" : "Age group"
            }]
          },
          "value" : {
            "text" : "0-4"
          }
        },
        {
          "code" : {
            "coding" : [{
              "system" : "http://loinc.org",
              "code" : "#99502-7",
              "display" : "Recorded sex or gender"
            }]
          },
          "value" : {
            "text" : "female"
          }
        }],
        "population" : [{
          "code" : {
            "coding" : [{
              "system" : "http://terminology.hl7.org/CodeSystem/measure-population",
              "code" : "initial-population"
            }]
          },
          "count" : 1890251
        }]
      },
      {
        "component" : [{
          "code" : {
            "coding" : [{
              "system" : "http://loinc.org",
              "code" : "46251-5",
              "display" : "Age group"
            }]
          },
          "value" : {
            "text" : "5-9"
          }
        },
        {
          "code" : {
            "coding" : [{
              "system" : "http://loinc.org",
              "code" : "#99502-7",
              "display" : "Recorded sex or gender"
            }]
          },
          "value" : {
            "text" : "male"
          }
        }],
        "population" : [{
          "code" : {
            "coding" : [{
              "system" : "http://terminology.hl7.org/CodeSystem/measure-population",
              "code" : "initial-population"
            }]
          },
          "count" : 1988215
        }]
      },
      {
        "component" : [{
          "code" : {
            "coding" : [{
              "system" : "http://loinc.org",
              "code" : "46251-5",
              "display" : "Age group"
            }]
          },
          "value" : {
            "text" : "5-9"
          }
        },
        {
          "code" : {
            "coding" : [{
              "system" : "http://loinc.org",
              "code" : "#99502-7",
              "display" : "Recorded sex or gender"
            }]
          },
          "value" : {
            "text" : "female"
          }
        }],
        "population" : [{
          "code" : {
            "coding" : [{
              "system" : "http://terminology.hl7.org/CodeSystem/measure-population",
              "code" : "initial-population"
            }]
          },
          "count" : 1892512
        }]
      },
      {
        "component" : [{
          "code" : {
            "coding" : [{
              "system" : "http://loinc.org",
              "code" : "46251-5",
              "display" : "Age group"
            }]
          },
          "value" : {
            "text" : "10-14"
          }
        },
        {
          "code" : {
            "coding" : [{
              "system" : "http://loinc.org",
              "code" : "#99502-7",
              "display" : "Recorded sex or gender"
            }]
          },
          "value" : {
            "text" : "male"
          }
        }],
        "population" : [{
          "code" : {
            "coding" : [{
              "system" : "http://terminology.hl7.org/CodeSystem/measure-population",
              "code" : "initial-population"
            }]
          },
          "count" : 1937288
        }]
      },
      {
        "component" : [{
          "code" : {
            "coding" : [{
              "system" : "http://loinc.org",
              "code" : "46251-5",
              "display" : "Age group"
            }]
          },
          "value" : {
            "text" : "10-14"
          }
        },
        {
          "code" : {
            "coding" : [{
              "system" : "http://loinc.org",
              "code" : "#99502-7",
              "display" : "Recorded sex or gender"
            }]
          },
          "value" : {
            "text" : "female"
          }
        }],
        "population" : [{
          "code" : {
            "coding" : [{
              "system" : "http://terminology.hl7.org/CodeSystem/measure-population",
              "code" : "initial-population"
            }]
          },
          "count" : 1840217
        }]
      },
      {
        "component" : [{
          "code" : {
            "coding" : [{
              "system" : "http://loinc.org",
              "code" : "46251-5",
              "display" : "Age group"
            }]
          },
          "value" : {
            "text" : "15-19"
          }
        },
        {
          "code" : {
            "coding" : [{
              "system" : "http://loinc.org",
              "code" : "#99502-7",
              "display" : "Recorded sex or gender"
            }]
          },
          "value" : {
            "text" : "male"
          }
        }],
        "population" : [{
          "code" : {
            "coding" : [{
              "system" : "http://terminology.hl7.org/CodeSystem/measure-population",
              "code" : "initial-population"
            }]
          },
          "count" : 1952159
        }]
      },
      {
        "component" : [{
          "code" : {
            "coding" : [{
              "system" : "http://loinc.org",
              "code" : "46251-5",
              "display" : "Age group"
            }]
          },
          "value" : {
            "text" : "15-19"
          }
        },
        {
          "code" : {
            "coding" : [{
              "system" : "http://loinc.org",
              "code" : "#99502-7",
              "display" : "Recorded sex or gender"
            }]
          },
          "value" : {
            "text" : "female"
          }
        }],
        "population" : [{
          "code" : {
            "coding" : [{
              "system" : "http://terminology.hl7.org/CodeSystem/measure-population",
              "code" : "initial-population"
            }]
          },
          "count" : 1850504
        }]
      },
      {
        "component" : [{
          "code" : {
            "coding" : [{
              "system" : "http://loinc.org",
              "code" : "46251-5",
              "display" : "Age group"
            }]
          },
          "value" : {
            "text" : "20-24"
          }
        },
        {
          "code" : {
            "coding" : [{
              "system" : "http://loinc.org",
              "code" : "#99502-7",
              "display" : "Recorded sex or gender"
            }]
          },
          "value" : {
            "text" : "male"
          }
        }],
        "population" : [{
          "code" : {
            "coding" : [{
              "system" : "http://terminology.hl7.org/CodeSystem/measure-population",
              "code" : "initial-population"
            }]
          },
          "count" : 2279369
        }]
      },
      {
        "component" : [{
          "code" : {
            "coding" : [{
              "system" : "http://loinc.org",
              "code" : "46251-5",
              "display" : "Age group"
            }]
          },
          "value" : {
            "text" : "20-24"
          }
        },
        {
          "code" : {
            "coding" : [{
              "system" : "http://loinc.org",
              "code" : "#99502-7",
              "display" : "Recorded sex or gender"
            }]
          },
          "value" : {
            "text" : "female"
          }
        }],
        "population" : [{
          "code" : {
            "coding" : [{
              "system" : "http://terminology.hl7.org/CodeSystem/measure-population",
              "code" : "initial-population"
            }]
          },
          "count" : 2120264
        }]
      },
      {
        "component" : [{
          "code" : {
            "coding" : [{
              "system" : "http://loinc.org",
              "code" : "46251-5",
              "display" : "Age group"
            }]
          },
          "value" : {
            "text" : "25-29"
          }
        },
        {
          "code" : {
            "coding" : [{
              "system" : "http://loinc.org",
              "code" : "#99502-7",
              "display" : "Recorded sex or gender"
            }]
          },
          "value" : {
            "text" : "male"
          }
        }],
        "population" : [{
          "code" : {
            "coding" : [{
              "system" : "http://terminology.hl7.org/CodeSystem/measure-population",
              "code" : "initial-population"
            }]
          },
          "count" : 2462150
        }]
      },
      {
        "component" : [{
          "code" : {
            "coding" : [{
              "system" : "http://loinc.org",
              "code" : "46251-5",
              "display" : "Age group"
            }]
          },
          "value" : {
            "text" : "25-29"
          }
        },
        {
          "code" : {
            "coding" : [{
              "system" : "http://loinc.org",
              "code" : "#99502-7",
              "display" : "Recorded sex or gender"
            }]
          },
          "value" : {
            "text" : "female"
          }
        }],
        "population" : [{
          "code" : {
            "coding" : [{
              "system" : "http://terminology.hl7.org/CodeSystem/measure-population",
              "code" : "initial-population"
            }]
          },
          "count" : 2296544
        }]
      },
      {
        "component" : [{
          "code" : {
            "coding" : [{
              "system" : "http://loinc.org",
              "code" : "46251-5",
              "display" : "Age group"
            }]
          },
          "value" : {
            "text" : "30-34"
          }
        },
        {
          "code" : {
            "coding" : [{
              "system" : "http://loinc.org",
              "code" : "#99502-7",
              "display" : "Recorded sex or gender"
            }]
          },
          "value" : {
            "text" : "male"
          }
        }],
        "population" : [{
          "code" : {
            "coding" : [{
              "system" : "http://terminology.hl7.org/CodeSystem/measure-population",
              "code" : "initial-population"
            }]
          },
          "count" : 2799966
        }]
      },
      {
        "component" : [{
          "code" : {
            "coding" : [{
              "system" : "http://loinc.org",
              "code" : "46251-5",
              "display" : "Age group"
            }]
          },
          "value" : {
            "text" : "30-34"
          }
        },
        {
          "code" : {
            "coding" : [{
              "system" : "http://loinc.org",
              "code" : "#99502-7",
              "display" : "Recorded sex or gender"
            }]
          },
          "value" : {
            "text" : "female"
          }
        }],
        "population" : [{
          "code" : {
            "coding" : [{
              "system" : "http://terminology.hl7.org/CodeSystem/measure-population",
              "code" : "initial-population"
            }]
          },
          "count" : 2670725
        }]
      },
      {
        "component" : [{
          "code" : {
            "coding" : [{
              "system" : "http://loinc.org",
              "code" : "46251-5",
              "display" : "Age group"
            }]
          },
          "value" : {
            "text" : "35-39"
          }
        },
        {
          "code" : {
            "coding" : [{
              "system" : "http://loinc.org",
              "code" : "#99502-7",
              "display" : "Recorded sex or gender"
            }]
          },
          "value" : {
            "text" : "male"
          }
        }],
        "population" : [{
          "code" : {
            "coding" : [{
              "system" : "http://terminology.hl7.org/CodeSystem/measure-population",
              "code" : "initial-population"
            }]
          },
          "count" : 2724799
        }]
      },
      {
        "component" : [{
          "code" : {
            "coding" : [{
              "system" : "http://loinc.org",
              "code" : "46251-5",
              "display" : "Age group"
            }]
          },
          "value" : {
            "text" : "35-39"
          }
        },
        {
          "code" : {
            "coding" : [{
              "system" : "http://loinc.org",
              "code" : "#99502-7",
              "display" : "Recorded sex or gender"
            }]
          },
          "value" : {
            "text" : "female"
          }
        }],
        "population" : [{
          "code" : {
            "coding" : [{
              "system" : "http://terminology.hl7.org/CodeSystem/measure-population",
              "code" : "initial-population"
            }]
          },
          "count" : 2660018
        }]
      },
      {
        "component" : [{
          "code" : {
            "coding" : [{
              "system" : "http://loinc.org",
              "code" : "46251-5",
              "display" : "Age group"
            }]
          },
          "value" : {
            "text" : "40-44"
          }
        },
        {
          "code" : {
            "coding" : [{
              "system" : "http://loinc.org",
              "code" : "#99502-7",
              "display" : "Recorded sex or gender"
            }]
          },
          "value" : {
            "text" : "male"
          }
        }],
        "population" : [{
          "code" : {
            "coding" : [{
              "system" : "http://terminology.hl7.org/CodeSystem/measure-population",
              "code" : "initial-population"
            }]
          },
          "count" : 2600204
        }]
      },
      {
        "component" : [{
          "code" : {
            "coding" : [{
              "system" : "http://loinc.org",
              "code" : "46251-5",
              "display" : "Age group"
            }]
          },
          "value" : {
            "text" : "40-44"
          }
        },
        {
          "code" : {
            "coding" : [{
              "system" : "http://loinc.org",
              "code" : "#99502-7",
              "display" : "Recorded sex or gender"
            }]
          },
          "value" : {
            "text" : "female"
          }
        }],
        "population" : [{
          "code" : {
            "coding" : [{
              "system" : "http://terminology.hl7.org/CodeSystem/measure-population",
              "code" : "initial-population"
            }]
          },
          "count" : 2590255
        }]
      },
      {
        "component" : [{
          "code" : {
            "coding" : [{
              "system" : "http://loinc.org",
              "code" : "46251-5",
              "display" : "Age group"
            }]
          },
          "value" : {
            "text" : "45-49"
          }
        },
        {
          "code" : {
            "coding" : [{
              "system" : "http://loinc.org",
              "code" : "#99502-7",
              "display" : "Recorded sex or gender"
            }]
          },
          "value" : {
            "text" : "male"
          }
        }],
        "population" : [{
          "code" : {
            "coding" : [{
              "system" : "http://terminology.hl7.org/CodeSystem/measure-population",
              "code" : "initial-population"
            }]
          },
          "count" : 2407595
        }]
      },
      {
        "component" : [{
          "code" : {
            "coding" : [{
              "system" : "http://loinc.org",
              "code" : "46251-5",
              "display" : "Age group"
            }]
          },
          "value" : {
            "text" : "45-49"
          }
        },
        {
          "code" : {
            "coding" : [{
              "system" : "http://loinc.org",
              "code" : "#99502-7",
              "display" : "Recorded sex or gender"
            }]
          },
          "value" : {
            "text" : "female"
          }
        }],
        "population" : [{
          "code" : {
            "coding" : [{
              "system" : "http://terminology.hl7.org/CodeSystem/measure-population",
              "code" : "initial-population"
            }]
          },
          "count" : 2402447
        }]
      },
      {
        "component" : [{
          "code" : {
            "coding" : [{
              "system" : "http://loinc.org",
              "code" : "46251-5",
              "display" : "Age group"
            }]
          },
          "value" : {
            "text" : "50-54"
          }
        },
        {
          "code" : {
            "coding" : [{
              "system" : "http://loinc.org",
              "code" : "#99502-7",
              "display" : "Recorded sex or gender"
            }]
          },
          "value" : {
            "text" : "male"
          }
        }],
        "population" : [{
          "code" : {
            "coding" : [{
              "system" : "http://terminology.hl7.org/CodeSystem/measure-population",
              "code" : "initial-population"
            }]
          },
          "count" : 3078434
        }]
      },
      {
        "component" : [{
          "code" : {
            "coding" : [{
              "system" : "http://loinc.org",
              "code" : "46251-5",
              "display" : "Age group"
            }]
          },
          "value" : {
            "text" : "50-54"
          }
        },
        {
          "code" : {
            "coding" : [{
              "system" : "http://loinc.org",
              "code" : "#99502-7",
              "display" : "Recorded sex or gender"
            }]
          },
          "value" : {
            "text" : "female"
          }
        }],
        "population" : [{
          "code" : {
            "coding" : [{
              "system" : "http://terminology.hl7.org/CodeSystem/measure-population",
              "code" : "initial-population"
            }]
          },
          "count" : 3052753
        }]
      },
      {
        "component" : [{
          "code" : {
            "coding" : [{
              "system" : "http://loinc.org",
              "code" : "46251-5",
              "display" : "Age group"
            }]
          },
          "value" : {
            "text" : "55-59"
          }
        },
        {
          "code" : {
            "coding" : [{
              "system" : "http://loinc.org",
              "code" : "#99502-7",
              "display" : "Recorded sex or gender"
            }]
          },
          "value" : {
            "text" : "male"
          }
        }],
        "population" : [{
          "code" : {
            "coding" : [{
              "system" : "http://terminology.hl7.org/CodeSystem/measure-population",
              "code" : "initial-population"
            }]
          },
          "count" : 3403909
        }]
      },
      {
        "component" : [{
          "code" : {
            "coding" : [{
              "system" : "http://loinc.org",
              "code" : "46251-5",
              "display" : "Age group"
            }]
          },
          "value" : {
            "text" : "55-59"
          }
        },
        {
          "code" : {
            "coding" : [{
              "system" : "http://loinc.org",
              "code" : "#99502-7",
              "display" : "Recorded sex or gender"
            }]
          },
          "value" : {
            "text" : "female"
          }
        }],
        "population" : [{
          "code" : {
            "coding" : [{
              "system" : "http://terminology.hl7.org/CodeSystem/measure-population",
              "code" : "initial-population"
            }]
          },
          "count" : 3391338
        }]
      },
      {
        "component" : [{
          "code" : {
            "coding" : [{
              "system" : "http://loinc.org",
              "code" : "46251-5",
              "display" : "Age group"
            }]
          },
          "value" : {
            "text" : "60-64"
          }
        },
        {
          "code" : {
            "coding" : [{
              "system" : "http://loinc.org",
              "code" : "#99502-7",
              "display" : "Recorded sex or gender"
            }]
          },
          "value" : {
            "text" : "male"
          }
        }],
        "population" : [{
          "code" : {
            "coding" : [{
              "system" : "http://terminology.hl7.org/CodeSystem/measure-population",
              "code" : "initial-population"
            }]
          },
          "count" : 2973862
        }]
      },
      {
        "component" : [{
          "code" : {
            "coding" : [{
              "system" : "http://loinc.org",
              "code" : "46251-5",
              "display" : "Age group"
            }]
          },
          "value" : {
            "text" : "60-64"
          }
        },
        {
          "code" : {
            "coding" : [{
              "system" : "http://loinc.org",
              "code" : "#99502-7",
              "display" : "Recorded sex or gender"
            }]
          },
          "value" : {
            "text" : "female"
          }
        }],
        "population" : [{
          "code" : {
            "coding" : [{
              "system" : "http://terminology.hl7.org/CodeSystem/measure-population",
              "code" : "initial-population"
            }]
          },
          "count" : 3075856
        }]
      },
      {
        "component" : [{
          "code" : {
            "coding" : [{
              "system" : "http://loinc.org",
              "code" : "46251-5",
              "display" : "Age group"
            }]
          },
          "value" : {
            "text" : "65-69"
          }
        },
        {
          "code" : {
            "coding" : [{
              "system" : "http://loinc.org",
              "code" : "#99502-7",
              "display" : "Recorded sex or gender"
            }]
          },
          "value" : {
            "text" : "male"
          }
        }],
        "population" : [{
          "code" : {
            "coding" : [{
              "system" : "http://terminology.hl7.org/CodeSystem/measure-population",
              "code" : "initial-population"
            }]
          },
          "count" : 2403223
        }]
      },
      {
        "component" : [{
          "code" : {
            "coding" : [{
              "system" : "http://loinc.org",
              "code" : "46251-5",
              "display" : "Age group"
            }]
          },
          "value" : {
            "text" : "65-69"
          }
        },
        {
          "code" : {
            "coding" : [{
              "system" : "http://loinc.org",
              "code" : "#99502-7",
              "display" : "Recorded sex or gender"
            }]
          },
          "value" : {
            "text" : "female"
          }
        }],
        "population" : [{
          "code" : {
            "coding" : [{
              "system" : "http://terminology.hl7.org/CodeSystem/measure-population",
              "code" : "initial-population"
            }]
          },
          "count" : 2606851
        }]
      },
      {
        "component" : [{
          "code" : {
            "coding" : [{
              "system" : "http://loinc.org",
              "code" : "46251-5",
              "display" : "Age group"
            }]
          },
          "value" : {
            "text" : "70-74"
          }
        },
        {
          "code" : {
            "coding" : [{
              "system" : "http://loinc.org",
              "code" : "#99502-7",
              "display" : "Recorded sex or gender"
            }]
          },
          "value" : {
            "text" : "male"
          }
        }],
        "population" : [{
          "code" : {
            "coding" : [{
              "system" : "http://terminology.hl7.org/CodeSystem/measure-population",
              "code" : "initial-population"
            }]
          },
          "count" : 1965144
        }]
      },
      {
        "component" : [{
          "code" : {
            "coding" : [{
              "system" : "http://loinc.org",
              "code" : "46251-5",
              "display" : "Age group"
            }]
          },
          "value" : {
            "text" : "70-74"
          }
        },
        {
          "code" : {
            "coding" : [{
              "system" : "http://loinc.org",
              "code" : "#99502-7",
              "display" : "Recorded sex or gender"
            }]
          },
          "value" : {
            "text" : "female"
          }
        }],
        "population" : [{
          "code" : {
            "coding" : [{
              "system" : "http://terminology.hl7.org/CodeSystem/measure-population",
              "code" : "initial-population"
            }]
          },
          "count" : 2251558
        }]
      },
      {
        "component" : [{
          "code" : {
            "coding" : [{
              "system" : "http://loinc.org",
              "code" : "46251-5",
              "display" : "Age group"
            }]
          },
          "value" : {
            "text" : "75-79"
          }
        },
        {
          "code" : {
            "coding" : [{
              "system" : "http://loinc.org",
              "code" : "#99502-7",
              "display" : "Recorded sex or gender"
            }]
          },
          "value" : {
            "text" : "male"
          }
        }],
        "population" : [{
          "code" : {
            "coding" : [{
              "system" : "http://terminology.hl7.org/CodeSystem/measure-population",
              "code" : "initial-population"
            }]
          },
          "count" : 1397042
        }]
      },
      {
        "component" : [{
          "code" : {
            "coding" : [{
              "system" : "http://loinc.org",
              "code" : "46251-5",
              "display" : "Age group"
            }]
          },
          "value" : {
            "text" : "75-79"
          }
        },
        {
          "code" : {
            "coding" : [{
              "system" : "http://loinc.org",
              "code" : "#99502-7",
              "display" : "Recorded sex or gender"
            }]
          },
          "value" : {
            "text" : "female"
          }
        }],
        "population" : [{
          "code" : {
            "coding" : [{
              "system" : "http://terminology.hl7.org/CodeSystem/measure-population",
              "code" : "initial-population"
            }]
          },
          "count" : 1725208
        }]
      },
      {
        "component" : [{
          "code" : {
            "coding" : [{
              "system" : "http://loinc.org",
              "code" : "46251-5",
              "display" : "Age group"
            }]
          },
          "value" : {
            "text" : "80-84"
          }
        },
        {
          "code" : {
            "coding" : [{
              "system" : "http://loinc.org",
              "code" : "#99502-7",
              "display" : "Recorded sex or gender"
            }]
          },
          "value" : {
            "text" : "male"
          }
        }],
        "population" : [{
          "code" : {
            "coding" : [{
              "system" : "http://terminology.hl7.org/CodeSystem/measure-population",
              "code" : "initial-population"
            }]
          },
          "count" : 1410180
        }]
      },
      {
        "component" : [{
          "code" : {
            "coding" : [{
              "system" : "http://loinc.org",
              "code" : "46251-5",
              "display" : "Age group"
            }]
          },
          "value" : {
            "text" : "80-84"
          }
        },
        {
          "code" : {
            "coding" : [{
              "system" : "http://loinc.org",
              "code" : "#99502-7",
              "display" : "Recorded sex or gender"
            }]
          },
          "value" : {
            "text" : "female"
          }
        }],
        "population" : [{
          "code" : {
            "coding" : [{
              "system" : "http://terminology.hl7.org/CodeSystem/measure-population",
              "code" : "initial-population"
            }]
          },
          "count" : 1985426
        }]
      },
      {
        "component" : [{
          "code" : {
            "coding" : [{
              "system" : "http://loinc.org",
              "code" : "46251-5",
              "display" : "Age group"
            }]
          },
          "value" : {
            "text" : "85-89"
          }
        },
        {
          "code" : {
            "coding" : [{
              "system" : "http://loinc.org",
              "code" : "#99502-7",
              "display" : "Recorded sex or gender"
            }]
          },
          "value" : {
            "text" : "male"
          }
        }],
        "population" : [{
          "code" : {
            "coding" : [{
              "system" : "http://terminology.hl7.org/CodeSystem/measure-population",
              "code" : "initial-population"
            }]
          },
          "count" : 666342
        }]
      },
      {
        "component" : [{
          "code" : {
            "coding" : [{
              "system" : "http://loinc.org",
              "code" : "46251-5",
              "display" : "Age group"
            }]
          },
          "value" : {
            "text" : "85-89"
          }
        },
        {
          "code" : {
            "coding" : [{
              "system" : "http://loinc.org",
              "code" : "#99502-7",
              "display" : "Recorded sex or gender"
            }]
          },
          "value" : {
            "text" : "female"
          }
        }],
        "population" : [{
          "code" : {
            "coding" : [{
              "system" : "http://terminology.hl7.org/CodeSystem/measure-population",
              "code" : "initial-population"
            }]
          },
          "count" : 1137755
        }]
      },
      {
        "component" : [{
          "code" : {
            "coding" : [{
              "system" : "http://loinc.org",
              "code" : "46251-5",
              "display" : "Age group"
            }]
          },
          "value" : {
            "text" : "90-94"
          }
        },
        {
          "code" : {
            "coding" : [{
              "system" : "http://loinc.org",
              "code" : "#99502-7",
              "display" : "Recorded sex or gender"
            }]
          },
          "value" : {
            "text" : "male"
          }
        }],
        "population" : [{
          "code" : {
            "coding" : [{
              "system" : "http://terminology.hl7.org/CodeSystem/measure-population",
              "code" : "initial-population"
            }]
          },
          "count" : 236467
        }]
      },
      {
        "component" : [{
          "code" : {
            "coding" : [{
              "system" : "http://loinc.org",
              "code" : "46251-5",
              "display" : "Age group"
            }]
          },
          "value" : {
            "text" : "90-94"
          }
        },
        {
          "code" : {
            "coding" : [{
              "system" : "http://loinc.org",
              "code" : "#99502-7",
              "display" : "Recorded sex or gender"
            }]
          },
          "value" : {
            "text" : "female"
          }
        }],
        "population" : [{
          "code" : {
            "coding" : [{
              "system" : "http://terminology.hl7.org/CodeSystem/measure-population",
              "code" : "initial-population"
            }]
          },
          "count" : 605005
        }]
      }]
    }]
  }]
}