<?xml version="1.0" encoding="UTF-8"?>

<Measure xmlns="http://hl7.org/fhir">
  <id value="mii-msr-summary-report-fhir-data-evaluator"/>
  <text>
    <status value="extensions"/><div xmlns="http://www.w3.org/1999/xhtml">
  <table class="narrative-table">
    <tbody>
<tr>

<th colspan="2" scope="row" class="row-header">Knowledge Artifact Metadata</th>

</tr>

<tr>

<th scope="row" class="row-header">Name (machine-readable)</th>

<td class="content-container">SummaryReport</td>
</tr>


<tr>

<th scope="row" class="row-header">Title (human-readable)</th>

<td class="content-container">Summary Report</td>
</tr>



<tr>

<th scope="row" class="row-header">Status</th>

<td class="content-container">Active</td>
</tr>


<tr>

<th scope="row" class="row-header">Experimental</th>

<td class="content-container">false</td>
</tr>


<tr>

<th scope="row" class="row-header">Description</th>

<td class="content-container"><div><p>Summary Report that uses FHIRPath and works with the FHIR Data Evaluator</p>
</div></td>
</tr>












<tr>

<th scope="row" class="row-header">Measure Steward</th>

<td class="content-container">Medizininformatik Initiative</td>
</tr>


<tr>

<th scope="row" class="row-header">Steward Contact Details</th>

<td class="content-container">Medizininformatik Initiative: <a href="https://www.medizininformatik-initiative.de/">https://www.medizininformatik-initiative.de/</a></td>
</tr>











<tr>

<th colspan="2" scope="row" class="row-header">Measure Metadata</th>

</tr>






<tr>

<th scope="row" class="row-header">Version Number</th>

<td class="content-container">0.1.0</td>
</tr>
















  
    <tr>

<th colspan="2" scope="row" class="row-header">Measure Population Criteria</th>

</tr>
  
  
    
<tr>

<th scope="row" class="row-header">Summary</th>

<td class="content-container">Simple Stratifier concept</td>
</tr>

  
  
  
    <tr>
      
        
          
            
<th scope="row" class="row-header">Initial Population</th>

          
          
          
          
          
          
          
          
          
        
      
      <td class="content-container">
        
        <em>ID</em>: initial-population-identifier
        <br/>
        
        
          <em>Description</em>: No description provided
        
        
          
        
      </td>
    </tr>
  

  
<tr>
  
<th scope="row" class="row-header">Stratifier</th>

  <td class="content-container">
    
      <em>ID</em>: strat-1
      
        <br/>
      
    
    
      
        <em>Code</em>: Administrative gender
      
      
    
    
  </td>
</tr>

  















<tr>
  <th colspan="2" scope="row" class="row-header">Generated using version 0.4.6 of the sample-content-ig Liquid templates</th>
</tr>
    </tbody>
  </table>
</div>
  </text>
  <url value="https://medizininformatik-initiative.de/fhir/Measure/SummaryReport"/>
  <version value="0.1.0"/>
  <name value="SummaryReport"/>
  <title value="Summary Report"/>
  <status value="active"/>
  <experimental value="false"/>
  <date value="2025-09-30"/>
  <publisher value="Medizininformatik Initiative"/>
  <contact>
    <name value="Medizininformatik Initiative"/>
    <telecom>
      <system value="url"/>
      <value value="https://www.medizininformatik-initiative.de/"/>
    </telecom>
  </contact>
  <description value="Summary Report that uses FHIRPath and works with the FHIR Data Evaluator"/>
  <group>
    <description value="Simple Stratifier concept"/>
    <population id="initial-population-identifier">
      <code>
        <coding>
          <system value="http://terminology.hl7.org/CodeSystem/measure-population"/>
          <code value="initial-population"/>
        </coding>
      </code>
      <criteria>
        <language value="text/x-fhir-query"/>
        <expression value="Patient?"/>
      </criteria>
    </population>
    <stratifier id="strat-1">
      <code>
        <coding>
          <system value="http://loinc.org"/>
          <code value="107454-1"/>
          <display value="Administrative gender"/>
        </coding>
      </code>
      <criteria>
        <language value="text/fhirpath"/>
        <expression value="Patient.gender"/>
      </criteria>
    </stratifier>
  </group>
</Measure>