<?xml version="1.0" encoding="UTF-8"?>

<MeasureReport xmlns="http://hl7.org/fhir">
  <id value="summary-report-measure-example"/>
  <meta>
    <profile value="https://www.medizininformatik-initiative.de/fhir/summary-reports/StructureDefinition/SummaryReportMeasure"/>
  </meta>
  <text>
    <status value="generated"/><div xmlns="http://www.w3.org/1999/xhtml"><p class="res-header-id"><b>Generated Narrative: MeasureReport summary-report-measure-example</b></p><a name="summary-report-measure-example"> </a><a name="hcsummary-report-measure-example"> </a><div style="display: inline-block; background-color: #d9e0e7; padding: 6px; margin: 4px; border: 1px solid #8da1b4; border-radius: 5px; line-height: 60%"><p style="margin-bottom: 0px"/><p style="margin-bottom: 0px">Profile: <a href="StructureDefinition-SummaryReportMeasure.html">SummaryReportMeasure</a></p></div><p><b>status</b>: active</p><p><b>type</b>: Summary</p><p><b>measure</b>: <a href="https://simplifier.net/resolve?scope=hl7.fhir.uv.extensions.r4@5.2.0&amp;canonical=http://hl7.org/fhir/extensions/"></a></p><p><b>period</b>: 2025-01-01 --&gt; 2025-12-31</p><blockquote><p><b>group</b></p><p><b>code</b>: <span title="Codes:{https://www.medizininformatik-initiative.de/fhir/summary-reports/CodeSystem/summary-report-codes categorialVerteilung}">categorialVerteilung</span></p><h3>Populations</h3><table class="grid"><tr><td style="display: none">-</td><td><b>Code</b></td><td><b>Count</b></td></tr><tr><td style="display: none">*</td><td><span title="Codes:">initial-population</span></td><td>100</td></tr></table><blockquote><p><b>stratifier</b></p><p><b>code</b>: <span title="Codes:">gender</span></p><blockquote><p><b>stratum</b></p><p><b>value</b>: <span title="Codes:{http://hl7.org/fhir/administrative-gender male}">Male</span></p><h3>Populations</h3><table class="grid"><tr><td style="display: none">-</td><td><b>Count</b></td></tr><tr><td style="display: none">*</td><td>49</td></tr></table></blockquote><blockquote><p><b>stratum</b></p><p><b>value</b>: <span title="Codes:{http://hl7.org/fhir/administrative-gender female}">Female</span></p><h3>Populations</h3><table class="grid"><tr><td style="display: none">-</td><td><b>Count</b></td></tr><tr><td style="display: none">*</td><td>49</td></tr></table></blockquote><blockquote><p><b>stratum</b></p><p><b>value</b>: <span title="Codes:{http://hl7.org/fhir/administrative-gender other}">Other</span></p><h3>Populations</h3><table class="grid"><tr><td style="display: none">-</td><td><b>Count</b></td></tr><tr><td style="display: none">*</td><td>1</td></tr></table></blockquote><blockquote><p><b>stratum</b></p><p><b>value</b>: <span title="Codes:{http://hl7.org/fhir/administrative-gender unknown}">Unknown</span></p><h3>Populations</h3><table class="grid"><tr><td style="display: none">-</td><td><b>Count</b></td></tr><tr><td style="display: none">*</td><td>1</td></tr></table></blockquote></blockquote></blockquote><blockquote><p><b>group</b></p><p><b>code</b>: <span title="Codes:{https://www.medizininformatik-initiative.de/fhir/summary-reports/CodeSystem/summary-report-codes diskreteVerteilung}">diskreteVerteilung</span></p><h3>Populations</h3><table class="grid"><tr><td style="display: none">-</td><td><b>Code</b></td><td><b>Count</b></td></tr><tr><td style="display: none">*</td><td><span title="Codes:">initial-population</span></td><td>100</td></tr></table><blockquote><p><b>stratifier</b></p><p><b>code</b>: <span title="Codes:{https://www.medizininformatik-initiative.de/fhir/summary-reports/CodeSystem/summary-report-codes altersverteilung}">altersverteilung</span></p><blockquote><p><b>stratum</b></p><p><b>value</b>: <span title="Codes:"></span></p><h3>Populations</h3><table class="grid"><tr><td style="display: none">-</td><td><b>Count</b></td></tr><tr><td style="display: none">*</td><td>7</td></tr></table></blockquote></blockquote></blockquote></div>
  </text>
  <status value="active"/>
  <type value="summary"/>
  <measure value=""/>
  <period>
    <start value="2025-01-01"/>
    <end value="2025-12-31"/>
  </period>
  <group>
    <code>
      <coding>
        <system value="https://www.medizininformatik-initiative.de/fhir/summary-reports/CodeSystem/summary-report-codes"/>
        <code value="categorialVerteilung"/>
      </coding>
    </code>
    <population>
      <code>
        <coding>
          <code value="initial-population"/>
        </coding>
      </code>
      <count value="100"/>
    </population>
    <stratifier>
      <code>
        <coding>
          <code value="gender"/>
        </coding>
      </code>
      <stratum>
        <value>
          <coding>
            <system value="http://hl7.org/fhir/administrative-gender"/>
            <code value="male"/>
          </coding>
        </value>
        <population>
          <count value="49"/>
        </population>
      </stratum>
      <stratum>
        <value>
          <coding>
            <system value="http://hl7.org/fhir/administrative-gender"/>
            <code value="female"/>
          </coding>
        </value>
        <population>
          <count value="49"/>
        </population>
      </stratum>
      <stratum>
        <value>
          <coding>
            <system value="http://hl7.org/fhir/administrative-gender"/>
            <code value="other"/>
          </coding>
        </value>
        <population>
          <count value="1"/>
        </population>
      </stratum>
      <stratum>
        <value>
          <coding>
            <system value="http://hl7.org/fhir/administrative-gender"/>
            <code value="unknown"/>
          </coding>
        </value>
        <population>
          <count value="1"/>
        </population>
      </stratum>
    </stratifier>
  </group>
  <group>
    <code>
      <coding>
        <system value="https://www.medizininformatik-initiative.de/fhir/summary-reports/CodeSystem/summary-report-codes"/>
        <code value="diskreteVerteilung"/>
      </coding>
    </code>
    <population>
      <code>
        <coding>
          <code value="initial-population"/>
        </coding>
      </code>
      <count value="100"/>
    </population>
    <stratifier>
      <code>
        <coding>
          <system value="https://www.medizininformatik-initiative.de/fhir/summary-reports/CodeSystem/summary-report-codes"/>
          <code value="altersverteilung"/>
        </coding>
      </code>
      <stratum>
        <value>
          <extension url="http://hl7.org/fhir/5.0/StructureDefinition/extension-MeasureReport.group.stratifier.stratum.value">
            <valueRange>
              <low>
                <value value="5"/>
                <unit value="years"/>
                <system value="http://unitsofmeasure.org"/>
                <code value="a"/>
              </low>
              <high>
                <value value="18"/>
                <unit value="years"/>
                <system value="http://unitsofmeasure.org"/>
                <code value="a"/>
              </high>
            </valueRange>
          </extension>
        </value>
        <population>
          <count value="7"/>
        </population>
      </stratum>
    </stratifier>
  </group>
</MeasureReport>