{
  "resourceType" : "Measure",
  "id" : "mii-msr-summary-report-age-gender-cql",
  "meta" : {
    "profile" : ["http://hl7.org/fhir/uv/crmi/StructureDefinition/crmi-shareablemeasure"]
  },
  "text" : {
    "status" : "extensions",
    "div" : "<div xmlns=\"http://www.w3.org/1999/xhtml\">\n  <table class=\"narrative-table\">\n    <tbody>\n<tr>\n\n<th colspan=\"2\" scope=\"row\" class=\"row-header\">Knowledge Artifact Metadata</th>\n\n</tr>\n\n<tr>\n\n<th scope=\"row\" class=\"row-header\">Name (machine-readable)</th>\n\n<td class=\"content-container\">SummaryReportAgeGenderCQL</td>\n</tr>\n\n\n<tr>\n\n<th scope=\"row\" class=\"row-header\">Title (human-readable)</th>\n\n<td class=\"content-container\">Summary Report Age Gender CQL</td>\n</tr>\n\n\n\n<tr>\n\n<th scope=\"row\" class=\"row-header\">Status</th>\n\n<td class=\"content-container\">Active</td>\n</tr>\n\n\n<tr>\n\n<th scope=\"row\" class=\"row-header\">Experimental</th>\n\n<td class=\"content-container\">false</td>\n</tr>\n\n\n<tr>\n\n<th scope=\"row\" class=\"row-header\">Description</th>\n\n<td class=\"content-container\"><div><p>Summary Report with gender and 5-year age group stratification using CQL matching German census data structure</p>\n</div></td>\n</tr>\n\n\n\n\n\n\n\n\n\n\n\n\n<tr>\n\n<th scope=\"row\" class=\"row-header\">Measure Steward</th>\n\n<td class=\"content-container\">Medizininformatik Initiative</td>\n</tr>\n\n\n<tr>\n\n<th scope=\"row\" class=\"row-header\">Steward Contact Details</th>\n\n<td class=\"content-container\">Medizininformatik Initiative: <a href=\"https://www.medizininformatik-initiative.de/\">https://www.medizininformatik-initiative.de/</a></td>\n</tr>\n\n\n\n\n\n\n\n\n\n\n\n<tr>\n\n<th colspan=\"2\" scope=\"row\" class=\"row-header\">Measure Metadata</th>\n\n</tr>\n\n\n\n\n\n\n<tr>\n\n<th scope=\"row\" class=\"row-header\">Version Number</th>\n\n<td class=\"content-container\">0.1.0</td>\n</tr>\n\n\n\n\n\n\n\n\n\n\n\n\n\n\n\n\n  \n    <tr>\n\n<th colspan=\"2\" scope=\"row\" class=\"row-header\">Measure Population Criteria</th>\n\n</tr>\n  \n  \n    \n<tr>\n\n<th scope=\"row\" class=\"row-header\">Summary</th>\n\n<td class=\"content-container\">Patient stratification by gender and 5-year age groups</td>\n</tr>\n\n  \n  \n  \n    <tr>\n      \n        \n          \n            \n<th scope=\"row\" class=\"row-header\">Initial Population</th>\n\n          \n          \n          \n          \n          \n          \n          \n          \n          \n        \n      \n      <td class=\"content-container\">\n        \n        <em>ID</em>: initial-population-identifier\n        <br/>\n        \n        \n          <em>Description</em>: No description provided\n        \n        \n          \n            \n            <em>Logic Definition</em>: <a href=\"#stratifieragegender-ininitialpopulation\">InInitialPopulation</a> \n          \n        \n      </td>\n    </tr>\n  \n\n  \n<tr>\n  \n<th scope=\"row\" class=\"row-header\">Stratifier</th>\n\n  <td class=\"content-container\">\n    \n      <em>ID</em>: stratifier-gender\n      \n        <br/>\n      \n    \n    \n      \n        <em>Code</em>: Administrative gender\n      \n      \n    \n    \n  </td>\n</tr>\n\n<tr>\n  \n<th scope=\"row\" class=\"row-header\">Stratifier</th>\n\n  <td class=\"content-container\">\n    \n      <em>ID</em>: stratifier-age-five-year-groups\n      \n        <br/>\n      \n    \n    \n      \n        <em>Code</em>: Age group\n      \n      \n    \n    \n  </td>\n</tr>\n\n  \n\n\n\n\n\n\n\n\n\n\n\n\n\n<tr>\n\n<th colspan=\"2\" scope=\"row\" class=\"row-header\">Measure Logic</th>\n\n</tr>\n\n<tr>\n\n<th scope=\"row\" class=\"row-header\">Primary Library</th>\n\n<td class=\"content-container\"><a href=\"Bundle-mii-bdl-measure-library-transaction-bundle.html\">Patient Age and Gender Stratification Library</a></td>\n</tr>\n\n\n\n\n<tr>\n  <th colspan=\"2\" scope=\"row\" class=\"row-header\">Generated using version 0.4.6 of the sample-content-ig Liquid templates</th>\n</tr>\n    </tbody>\n  </table>\n</div>"
  },
  "url" : "https://medizininformatik-initiative.de/fhir/Measure/SummaryReportAgeGenderCQL",
  "version" : "0.1.0",
  "name" : "SummaryReportAgeGenderCQL",
  "title" : "Summary Report Age Gender CQL",
  "status" : "active",
  "experimental" : false,
  "date" : "2025-10-16",
  "publisher" : "Medizininformatik Initiative",
  "contact" : [{
    "name" : "Medizininformatik Initiative",
    "telecom" : [{
      "system" : "url",
      "value" : "https://www.medizininformatik-initiative.de/"
    }]
  }],
  "description" : "Summary Report with gender and 5-year age group stratification using CQL matching German census data structure",
  "library" : ["https://www.medizininformatik-initiative.de/fhir/Library/StratifierAgeGender"],
  "group" : [{
    "description" : "Patient stratification by gender and 5-year age groups",
    "population" : [{
      "id" : "initial-population-identifier",
      "code" : {
        "coding" : [{
          "system" : "http://terminology.hl7.org/CodeSystem/measure-population",
          "code" : "initial-population"
        }]
      },
      "criteria" : {
        "language" : "text/cql-identifier",
        "expression" : "InInitialPopulation"
      }
    }],
    "stratifier" : [{
      "id" : "stratifier-gender",
      "code" : {
        "coding" : [{
          "system" : "http://loinc.org",
          "code" : "107454-1",
          "display" : "Administrative gender"
        }]
      },
      "criteria" : {
        "language" : "text/cql-identifier",
        "expression" : "Gender"
      }
    },
    {
      "id" : "stratifier-age-five-year-groups",
      "code" : {
        "coding" : [{
          "system" : "http://loinc.org",
          "code" : "46251-5",
          "display" : "Age group"
        }]
      },
      "criteria" : {
        "language" : "text/cql-identifier",
        "expression" : "AgeFiveYearGroups"
      }
    }]
  }]
}