{
  "codeSystems" : [
    {
      "url" : "http://hl7.org/fhir/ValueSet/languages",
      "version" : "4.0.1",
      "status" : "draft",
      "name" : "CommonLanguages",
      "title" : "Common Languages",
      "description" : "This value set includes common codes from BCP-47 (http://tools.ietf.org/html/bcp47)",
      "systems" : ["urn:ietf:bcp:47"],
      "oids" : ["2.16.840.1.113883.4.642.3.20"],
      "sources" : ["2.16.840.1.113883.4.642.3.20"],
      "uses" : {
      },
      "StructureDefinition-SummaryReportMeasure.html" : "SummaryReportMeasure"
    },
    {
      "url" : "http://hl7.org/fhir/ValueSet/measure-improvement-notation",
      "version" : "4.0.1",
      "status" : "draft",
      "name" : "MeasureImprovementNotation",
      "title" : "MeasureImprovementNotation",
      "description" : "Observation values that indicate what change in a measurement value or score is indicative of an improvement in the measured item or scored issue.",
      "systems" : [
        "http://terminology.hl7.org/CodeSystem/measure-improvement-notation"
      ],
      "oids" : ["2.16.840.1.113883.4.642.3.1236"],
      "sources" : ["2.16.840.1.113883.4.642.3.1236"],
      "uses" : {
      },
      "StructureDefinition-SummaryReportMeasure.html" : "SummaryReportMeasure"
    },
    {
      "url" : "http://hl7.org/fhir/ValueSet/measure-population",
      "version" : "4.0.1",
      "status" : "draft",
      "name" : "MeasurePopulationType",
      "title" : "MeasurePopulationType",
      "description" : "The type of population.",
      "systems" : ["http://terminology.hl7.org/CodeSystem/measure-population"],
      "oids" : ["2.16.840.1.113883.4.642.3.765"],
      "sources" : ["2.16.840.1.113883.4.642.3.765"],
      "uses" : {
      },
      "StructureDefinition-SummaryReportMeasure.html" : "SummaryReportMeasure"
    },
    {
      "url" : "http://hl7.org/fhir/ValueSet/measure-report-status",
      "version" : "4.0.1",
      "status" : "draft",
      "name" : "MeasureReportStatus",
      "title" : "MeasureReportStatus",
      "description" : "The status of the measure report.",
      "systems" : ["http://hl7.org/fhir/measure-report-status"],
      "oids" : ["2.16.840.1.113883.4.642.3.776"],
      "sources" : ["2.16.840.1.113883.4.642.3.776"],
      "uses" : {
      },
      "StructureDefinition-SummaryReportMeasure.html" : "SummaryReportMeasure"
    },
    {
      "url" : "http://hl7.org/fhir/ValueSet/measure-report-type",
      "version" : "4.0.1",
      "status" : "draft",
      "name" : "MeasureReportType",
      "title" : "MeasureReportType",
      "description" : "The type of the measure report.",
      "systems" : ["http://hl7.org/fhir/measure-report-type"],
      "oids" : ["2.16.840.1.113883.4.642.3.778"],
      "sources" : ["2.16.840.1.113883.4.642.3.778"],
      "uses" : {
      },
      "StructureDefinition-SummaryReportMeasure.html" : "SummaryReportMeasure"
    }
  ]
}
