{"resourceType":"CodeSystem","id":"summary-report-group-codes","text":{"status":"generated","div":"<div xmlns=\"http://www.w3.org/1999/xhtml\"><p class=\"res-header-id\"><b>Generated Narrative: CodeSystem summary-report-group-codes</b></p><a name=\"summary-report-group-codes\"> </a><a name=\"hcsummary-report-group-codes\"> </a><p>This  code system <code>https://www.medizininformatik-initiative.de/fhir/summary-reports/CodeSystem/summary-report-group-codes</code> defines the following codes:</p><table class=\"codes\"><tr><td style=\"white-space:nowrap\"><b>Code</b></td></tr><tr><td style=\"white-space:nowrap\">nominalVerteilung<a name=\"summary-report-group-codes-nominalVerteilung\"> </a></td></tr><tr><td style=\"white-space:nowrap\">categorialVerteilung<a name=\"summary-report-group-codes-categorialVerteilung\"> </a></td></tr><tr><td style=\"white-space:nowrap\">outlier<a name=\"summary-report-group-codes-outlier\"> </a></td></tr></table></div>"},"url":"https://www.medizininformatik-initiative.de/fhir/summary-reports/CodeSystem/summary-report-group-codes","version":"0.1.0","name":"SummaryReportGroupCodes","title":"Summary Report Group Codes","status":"draft","date":"2025-09-05T12:50:49+02:00","publisher":"Medizininformatik Initiative","contact":[{"name":"Medizininformatik Initiative","telecom":[{"system":"url","value":"https://www.medizininformatik-initiative.de/"}]}],"description":"Codes used in summary report groups","content":"complete","count":3,"concept":[{"code":"nominalVerteilung"},{"code":"categorialVerteilung"},{"code":"outlier"}]}