{"resourceType":"CodeSystem","id":"summary-report-codes","text":{"status":"generated","div":"<div xmlns=\"http://www.w3.org/1999/xhtml\"><p class=\"res-header-id\"><b>Generated Narrative: CodeSystem summary-report-codes</b></p><a name=\"summary-report-codes\"> </a><a name=\"hcsummary-report-codes\"> </a><p>This  code system <code>https://www.medizininformatik-initiative.de/fhir/summary-reports/CodeSystem/summary-report-codes</code> defines the following codes:</p><table class=\"codes\"><tr><td style=\"white-space:nowrap\"><b>Code</b></td></tr><tr><td style=\"white-space:nowrap\">summary-report<a name=\"summary-report-codes-summary-report\"> </a></td></tr><tr><td style=\"white-space:nowrap\">geschlechterverteilung<a name=\"summary-report-codes-geschlechterverteilung\"> </a></td></tr><tr><td style=\"white-space:nowrap\">altersverteilung<a name=\"summary-report-codes-altersverteilung\"> </a></td></tr><tr><td style=\"white-space:nowrap\">diskreteVerteilung<a name=\"summary-report-codes-diskreteVerteilung\"> </a></td></tr><tr><td style=\"white-space:nowrap\">categorialVerteilung<a name=\"summary-report-codes-categorialVerteilung\"> </a></td></tr></table></div>"},"url":"https://www.medizininformatik-initiative.de/fhir/summary-reports/CodeSystem/summary-report-codes","version":"0.1.0","name":"SummaryReportCodes","title":"Summary Report Codes","status":"draft","date":"2025-10-01T12:03:45+02:00","publisher":"Medizininformatik Initiative","contact":[{"name":"Medizininformatik Initiative","telecom":[{"system":"url","value":"https://www.medizininformatik-initiative.de/"}]}],"description":"Codes used in summary reports","content":"complete","count":5,"concept":[{"code":"summary-report"},{"code":"geschlechterverteilung"},{"code":"altersverteilung"},{"code":"diskreteVerteilung"},{"code":"categorialVerteilung"}]}