{"resourceType":"Measure","id":"mii-msr-summary-report-age-gender-cql","meta":{"profile":["http://hl7.org/fhir/uv/crmi/StructureDefinition/crmi-shareablemeasure"]},"url":"https://medizininformatik-initiative.de/fhir/Measure/SummaryReportAgeGenderCQL","version":"0.1.0","name":"SummaryReportAgeGenderCQL","title":"Summary Report Age Gender CQL","status":"active","experimental":false,"date":"2025-10-16","publisher":"Medizininformatik Initiative","contact":[{"name":"Medizininformatik Initiative","telecom":[{"system":"url","value":"https://www.medizininformatik-initiative.de/"}]}],"description":"Summary Report with gender and 5-year age group stratification using CQL matching German census data structure","library":["https://www.medizininformatik-initiative.de/fhir/Library/StratifierAgeGender"],"group":[{"description":"Patient stratification by gender and 5-year age groups","population":[{"id":"initial-population-identifier","code":{"coding":[{"system":"http://terminology.hl7.org/CodeSystem/measure-population","code":"initial-population"}]},"criteria":{"language":"text/cql-identifier","expression":"InInitialPopulation"}}],"stratifier":[{"id":"stratifier-gender","code":{"coding":[{"system":"http://loinc.org","code":"107454-1","display":"Administrative gender"}]},"criteria":{"language":"text/cql-identifier","expression":"Gender"}},{"id":"stratifier-age-five-year-groups","code":{"coding":[{"system":"http://loinc.org","code":"46251-5","display":"Age group"}]},"criteria":{"language":"text/cql-identifier","expression":"AgeFiveYearGroups"}}]}]}