{"resourceType":"Measure","id":"mii-msr-summary-report-composite-gender-age-cql","url":"https://medizininformatik-initiative.de/fhir/Measure/SummaryReportCompositeAgeGenderCQL","version":"0.1.0","name":"SummaryReportCompositeAgeGenderCQL","title":"Summary Report Composite Age Gender CQL","status":"active","experimental":false,"date":"2025-09-30","publisher":"Medizininformatik Initiative","contact":[{"name":"Medizininformatik Initiative","telecom":[{"system":"url","value":"https://www.medizininformatik-initiative.de/"}]}],"description":"Summary Report with gender and age decade stratification using CQL in a composite stratifier","library":["https://www.medizininformatik-initiative.de/fhir/Library/StratifierAgeGender"],"group":[{"description":"Composite stratification by gender and age decade","population":[{"id":"initial-population","code":{"coding":[{"system":"http://terminology.hl7.org/CodeSystem/measure-population","code":"initial-population"}]},"criteria":{"language":"text/cql-identifier","expression":"InInitialPopulation"}}],"stratifier":[{"id":"strat-gender-age","code":{"coding":[{"system":"http://fhir-evaluator/strat/system","code":"gender-age-composite"}]},"description":"Combined gender and age decade stratification","component":[{"code":{"coding":[{"system":"http://fhir-evaluator/strat/system","code":"gender"}]},"description":"Patient gender","criteria":{"language":"text/cql-identifier","expression":"Gender"}},{"code":{"coding":[{"system":"http://fhir-evaluator/strat/system","code":"age-decade"}]},"description":"Patient age decade","criteria":{"language":"text/cql-identifier","expression":"AgeDecade"}}]}]}]}