{"resourceType":"Measure","id":"mii-msr-summary-report-age-gender-cql","url":"https://medizininformatik-initiative.de/fhir/Measure/SummaryReportAgeGenderCQL","version":"0.1.0","name":"SummaryReportAgeGenderCQL","title":"Summary Report Age Gender CQL","status":"active","experimental":false,"date":"2025-09-30","publisher":"Medizininformatik Initiative","contact":[{"name":"Medizininformatik Initiative","telecom":[{"system":"url","value":"https://www.medizininformatik-initiative.de/"}]}],"description":"Summary Report with gender and age decade stratification using CQL","library":["https://www.medizininformatik-initiative.de/fhir/Library/StratifierAgeGender"],"group":[{"description":"Patient stratification by gender and age decade","population":[{"id":"initial-population-identifier","code":{"coding":[{"system":"http://terminology.hl7.org/CodeSystem/measure-population","code":"initial-population"}]},"criteria":{"language":"text/cql-identifier","expression":"InInitialPopulation"}}],"stratifier":[{"id":"strat-gender","code":{"coding":[{"system":"http://fhir-evaluator/strat/system","code":"gender"}]},"criteria":{"language":"text/cql-identifier","expression":"Gender"}},{"id":"strat-age-decade","code":{"coding":[{"system":"http://fhir-evaluator/strat/system","code":"age-decade"}]},"criteria":{"language":"text/cql-identifier","expression":"AgeDecade"}}]}]}