{"resourceType":"Measure","id":"mii-msr-summary-report-composite-gender-age-cql","url":"https://medizininformatik-initiative.de/fhir/Measure/SummaryReportCompositeAgeGenderCQL","version":"0.1.0","name":"SummaryReportCompositeAgeGenderCQL","title":"Summary Report Composite Age Gender CQL","status":"active","experimental":false,"date":"2025-09-30","publisher":"Medizininformatik Initiative","contact":[{"name":"Medizininformatik Initiative","telecom":[{"system":"url","value":"https://www.medizininformatik-initiative.de/"}]}],"description":"Summary Report with gender and age decade stratification using CQL in a composite stratifier","library":["https://www.medizininformatik-initiative.de/fhir/Library/StratifierAgeGender"],"group":[{"description":"Composite stratification by gender and age decade","population":[{"id":"initial-population","code":{"coding":[{"system":"http://terminology.hl7.org/CodeSystem/measure-population","code":"initial-population"}]},"criteria":{"language":"text/cql-identifier","expression":"InInitialPopulation"}}],"stratifier":[{"component":[{"code":{"coding":[{"system":"http://loinc.org","code":"46251-5","display":"Age group"}]},"description":"Patient age five year group","criteria":{"language":"text/cql-identifier","expression":"AgeFiveYearGroups"}},{"code":{"coding":[{"system":"http://loinc.org","code":"99502-7","display":"Recorded sex or gender"}]},"description":"Patient gender","criteria":{"language":"text/cql-identifier","expression":"Gender"}}]}]}]}