{"resourceType":"Measure","id":"mii-msr-summary-report-fhir-data-evaluator","url":"https://medizininformatik-initiative.de/fhir/Measure/SummaryReport","version":"0.1.0","name":"SummaryReport","title":"Summary Report","status":"active","experimental":false,"date":"2025-09-30","publisher":"Medizininformatik Initiative","contact":[{"name":"Medizininformatik Initiative","telecom":[{"system":"url","value":"https://www.medizininformatik-initiative.de/"}]}],"description":"Summary Report that uses FHIRPath and works with the FHIR Data Evaluator","group":[{"description":"Simple Stratifier concept","population":[{"id":"initial-population-identifier","code":{"coding":[{"system":"http://terminology.hl7.org/CodeSystem/measure-population","code":"initial-population"}]},"criteria":{"language":"text/x-fhir-query","expression":"Patient?"}}],"stratifier":[{"id":"strat-1","code":{"coding":[{"system":"http://loinc.org","code":"99502-7","display":"Recorded sex or gender"}]},"criteria":{"language":"text/fhirpath","expression":"Patient.gender"}}]}]}