{
  "resourceType" : "Measure",
  "id" : "mii-msr-summary-report-fhir-data-evaluator",
  "text" : {
    "status" : "extensions",
    "div" : "<div xmlns=\"http://www.w3.org/1999/xhtml\">\n  <table class=\"narrative-table\">\n    <tbody>\n<tr>\n\n<th colspan=\"2\" scope=\"row\" class=\"row-header\">Knowledge Artifact Metadata</th>\n\n</tr>\n\n<tr>\n\n<th scope=\"row\" class=\"row-header\">Name (machine-readable)</th>\n\n<td class=\"content-container\">SummaryReport</td>\n</tr>\n\n\n<tr>\n\n<th scope=\"row\" class=\"row-header\">Title (human-readable)</th>\n\n<td class=\"content-container\">Summary Report</td>\n</tr>\n\n\n\n<tr>\n\n<th scope=\"row\" class=\"row-header\">Status</th>\n\n<td class=\"content-container\">Active</td>\n</tr>\n\n\n<tr>\n\n<th scope=\"row\" class=\"row-header\">Experimental</th>\n\n<td class=\"content-container\">false</td>\n</tr>\n\n\n<tr>\n\n<th scope=\"row\" class=\"row-header\">Description</th>\n\n<td class=\"content-container\"><div><p>Summary Report that uses FHIRPath and works with the FHIR Data Evaluator</p>\n</div></td>\n</tr>\n\n\n\n\n\n\n\n\n\n\n\n\n<tr>\n\n<th scope=\"row\" class=\"row-header\">Measure Steward</th>\n\n<td class=\"content-container\">Medizininformatik Initiative</td>\n</tr>\n\n\n<tr>\n\n<th scope=\"row\" class=\"row-header\">Steward Contact Details</th>\n\n<td class=\"content-container\">Medizininformatik Initiative: <a href=\"https://www.medizininformatik-initiative.de/\">https://www.medizininformatik-initiative.de/</a></td>\n</tr>\n\n\n\n\n\n\n\n\n\n\n\n<tr>\n\n<th colspan=\"2\" scope=\"row\" class=\"row-header\">Measure Metadata</th>\n\n</tr>\n\n\n\n\n\n\n<tr>\n\n<th scope=\"row\" class=\"row-header\">Version Number</th>\n\n<td class=\"content-container\">0.1.0</td>\n</tr>\n\n\n\n\n\n\n\n\n\n\n\n\n\n\n\n\n  \n    <tr>\n\n<th colspan=\"2\" scope=\"row\" class=\"row-header\">Measure Population Criteria</th>\n\n</tr>\n  \n  \n    \n<tr>\n\n<th scope=\"row\" class=\"row-header\">Summary</th>\n\n<td class=\"content-container\">Simple Stratifier concept</td>\n</tr>\n\n  \n  \n  \n    <tr>\n      \n        \n          \n            \n<th scope=\"row\" class=\"row-header\">Initial Population</th>\n\n          \n          \n          \n          \n          \n          \n          \n          \n          \n        \n      \n      <td class=\"content-container\">\n        \n        <em>ID</em>: initial-population-identifier\n        <br/>\n        \n        \n          <em>Description</em>: No description provided\n        \n        \n          \n        \n      </td>\n    </tr>\n  \n\n  \n<tr>\n  \n<th scope=\"row\" class=\"row-header\">Stratifier</th>\n\n  <td class=\"content-container\">\n    \n      <em>ID</em>: strat-1\n      \n        <br/>\n      \n    \n    \n      \n        <em>Code</em>: Recorded sex or gender\n      \n      \n    \n    \n  </td>\n</tr>\n\n  \n\n\n\n\n\n\n\n\n\n\n\n\n\n\n\n<tr>\n  <th colspan=\"2\" scope=\"row\" class=\"row-header\">Generated using version 0.4.6 of the sample-content-ig Liquid templates</th>\n</tr>\n    </tbody>\n  </table>\n</div>"
  },
  "url" : "https://medizininformatik-initiative.de/fhir/Measure/SummaryReport",
  "version" : "0.1.0",
  "name" : "SummaryReport",
  "title" : "Summary Report",
  "status" : "active",
  "experimental" : false,
  "date" : "2025-09-30",
  "publisher" : "Medizininformatik Initiative",
  "contact" : [{
    "name" : "Medizininformatik Initiative",
    "telecom" : [{
      "system" : "url",
      "value" : "https://www.medizininformatik-initiative.de/"
    }]
  }],
  "description" : "Summary Report that uses FHIRPath and works with the FHIR Data Evaluator",
  "group" : [{
    "description" : "Simple Stratifier concept",
    "population" : [{
      "id" : "initial-population-identifier",
      "code" : {
        "coding" : [{
          "system" : "http://terminology.hl7.org/CodeSystem/measure-population",
          "code" : "initial-population"
        }]
      },
      "criteria" : {
        "language" : "text/x-fhir-query",
        "expression" : "Patient?"
      }
    }],
    "stratifier" : [{
      "id" : "strat-1",
      "code" : {
        "coding" : [{
          "system" : "http://loinc.org",
          "code" : "99502-7",
          "display" : "Recorded sex or gender"
        }]
      },
      "criteria" : {
        "language" : "text/fhirpath",
        "expression" : "Patient.gender"
      }
    }]
  }]
}