{
  "resourceType" : "MeasureReport",
  "id" : "summary-report-measure-example",
  "meta" : {
    "profile" : ["https://www.medizininformatik-initiative.de/fhir/summary-reports/StructureDefinition/SummaryReportMeasure"]
  },
  "text" : {
    "status" : "generated",
    "div" : "<div xmlns=\"http://www.w3.org/1999/xhtml\"><p class=\"res-header-id\"><b>Generated Narrative: MeasureReport summary-report-measure-example</b></p><a name=\"summary-report-measure-example\"> </a><a name=\"hcsummary-report-measure-example\"> </a><div style=\"display: inline-block; background-color: #d9e0e7; padding: 6px; margin: 4px; border: 1px solid #8da1b4; border-radius: 5px; line-height: 60%\"><p style=\"margin-bottom: 0px\"/><p style=\"margin-bottom: 0px\">Profile: <a href=\"StructureDefinition-SummaryReportMeasure.html\">SummaryReportMeasure</a></p></div><p><b>status</b>: active</p><p><b>type</b>: Summary</p><p><b>measure</b>: <a href=\"https://simplifier.net/resolve?scope=hl7.fhir.uv.extensions.r4@5.2.0&amp;canonical=http://hl7.org/fhir/extensions/\"></a></p><p><b>period</b>: 2025-01-01 --&gt; 2025-12-31</p><blockquote><p><b>group</b></p><p><b>code</b>: <span title=\"Codes:{https://www.medizininformatik-initiative.de/fhir/summary-reports/CodeSystem/summary-report-codes categorialVerteilung}\">categorialVerteilung</span></p><h3>Populations</h3><table class=\"grid\"><tr><td style=\"display: none\">-</td><td><b>Code</b></td><td><b>Count</b></td></tr><tr><td style=\"display: none\">*</td><td><span title=\"Codes:\">initial-population</span></td><td>100</td></tr></table><blockquote><p><b>stratifier</b></p><p><b>code</b>: <span title=\"Codes:\">gender</span></p><blockquote><p><b>stratum</b></p><p><b>value</b>: <span title=\"Codes:{http://hl7.org/fhir/administrative-gender male}\">Male</span></p><h3>Populations</h3><table class=\"grid\"><tr><td style=\"display: none\">-</td><td><b>Count</b></td></tr><tr><td style=\"display: none\">*</td><td>49</td></tr></table></blockquote><blockquote><p><b>stratum</b></p><p><b>value</b>: <span title=\"Codes:{http://hl7.org/fhir/administrative-gender female}\">Female</span></p><h3>Populations</h3><table class=\"grid\"><tr><td style=\"display: none\">-</td><td><b>Count</b></td></tr><tr><td style=\"display: none\">*</td><td>49</td></tr></table></blockquote><blockquote><p><b>stratum</b></p><p><b>value</b>: <span title=\"Codes:{http://hl7.org/fhir/administrative-gender other}\">Other</span></p><h3>Populations</h3><table class=\"grid\"><tr><td style=\"display: none\">-</td><td><b>Count</b></td></tr><tr><td style=\"display: none\">*</td><td>1</td></tr></table></blockquote><blockquote><p><b>stratum</b></p><p><b>value</b>: <span title=\"Codes:{http://hl7.org/fhir/administrative-gender unknown}\">Unknown</span></p><h3>Populations</h3><table class=\"grid\"><tr><td style=\"display: none\">-</td><td><b>Count</b></td></tr><tr><td style=\"display: none\">*</td><td>1</td></tr></table></blockquote></blockquote></blockquote><blockquote><p><b>group</b></p><p><b>code</b>: <span title=\"Codes:{https://www.medizininformatik-initiative.de/fhir/summary-reports/CodeSystem/summary-report-codes diskreteVerteilung}\">diskreteVerteilung</span></p><h3>Populations</h3><table class=\"grid\"><tr><td style=\"display: none\">-</td><td><b>Code</b></td><td><b>Count</b></td></tr><tr><td style=\"display: none\">*</td><td><span title=\"Codes:\">initial-population</span></td><td>100</td></tr></table><blockquote><p><b>stratifier</b></p><p><b>code</b>: <span title=\"Codes:{https://www.medizininformatik-initiative.de/fhir/summary-reports/CodeSystem/summary-report-codes altersverteilung}\">altersverteilung</span></p><blockquote><p><b>stratum</b></p><p><b>value</b>: <span title=\"Codes:\"></span></p><h3>Populations</h3><table class=\"grid\"><tr><td style=\"display: none\">-</td><td><b>Count</b></td></tr><tr><td style=\"display: none\">*</td><td>7</td></tr></table></blockquote></blockquote></blockquote></div>"
  },
  "status" : "active",
  "type" : "summary",
  "measure" : "",
  "period" : {
    "start" : "2025-01-01",
    "end" : "2025-12-31"
  },
  "group" : [{
    "code" : {
      "coding" : [{
        "system" : "https://www.medizininformatik-initiative.de/fhir/summary-reports/CodeSystem/summary-report-codes",
        "code" : "categorialVerteilung"
      }]
    },
    "population" : [{
      "code" : {
        "coding" : [{
          "code" : "initial-population"
        }]
      },
      "count" : 100
    }],
    "stratifier" : [{
      "code" : [{
        "coding" : [{
          "code" : "gender"
        }]
      }],
      "stratum" : [{
        "value" : {
          "coding" : [{
            "system" : "http://hl7.org/fhir/administrative-gender",
            "code" : "male"
          }]
        },
        "population" : [{
          "count" : 49
        }]
      },
      {
        "value" : {
          "coding" : [{
            "system" : "http://hl7.org/fhir/administrative-gender",
            "code" : "female"
          }]
        },
        "population" : [{
          "count" : 49
        }]
      },
      {
        "value" : {
          "coding" : [{
            "system" : "http://hl7.org/fhir/administrative-gender",
            "code" : "other"
          }]
        },
        "population" : [{
          "count" : 1
        }]
      },
      {
        "value" : {
          "coding" : [{
            "system" : "http://hl7.org/fhir/administrative-gender",
            "code" : "unknown"
          }]
        },
        "population" : [{
          "count" : 1
        }]
      }]
    }]
  },
  {
    "code" : {
      "coding" : [{
        "system" : "https://www.medizininformatik-initiative.de/fhir/summary-reports/CodeSystem/summary-report-codes",
        "code" : "diskreteVerteilung"
      }]
    },
    "population" : [{
      "code" : {
        "coding" : [{
          "code" : "initial-population"
        }]
      },
      "count" : 100
    }],
    "stratifier" : [{
      "code" : [{
        "coding" : [{
          "system" : "https://www.medizininformatik-initiative.de/fhir/summary-reports/CodeSystem/summary-report-codes",
          "code" : "altersverteilung"
        }]
      }],
      "stratum" : [{
        "value" : {
          "extension" : [{
            "url" : "http://hl7.org/fhir/5.0/StructureDefinition/extension-MeasureReport.group.stratifier.stratum.value",
            "valueRange" : {
              "low" : {
                "value" : 5,
                "unit" : "years",
                "system" : "http://unitsofmeasure.org",
                "code" : "a"
              },
              "high" : {
                "value" : 18,
                "unit" : "years",
                "system" : "http://unitsofmeasure.org",
                "code" : "a"
              }
            }
          }]
        },
        "population" : [{
          "count" : 7
        }]
      }]
    }]
  }]
}