"Alter.von";"Alter.Bis";"Gesamt";"Maennlich";"Weiblich"
"0";"4";"84576";"43052";"41521"
"5";"9";"82739";"42428";"40313"
"10";"14";"80729";"41626";"39104"
"15";"19";"68294";"35358";"32934"
"20";"24";"136370";"71669";"64699"
"25";"29";"137854";"74548";"63309"
"30";"34";"126631";"67779";"58856"
"35";"39";"117651";"63005";"54650"
"40";"44";"154894";"80221";"74676"
"45";"49";"188928";"95963";"92963"
"50";"54";"183188";"92285";"90907"
"55";"59";"178977";"89185";"89788"
"60";"64";"139207";"68263";"70946"
"65";"69";"129279";"61011";"68270"
"70";"74";"154987";"70228";"84764"
"75";"79";"101337";"42187";"59149"
"80";"84";"70855";"24682";"46174"
"85";"89";"38111";"9773";"28339"
"90";"94";"13979";"2820";"11160"
